Country Name,Country Code,Indicator Name,1975,1976,1977,1978,1979,1980,1981,1982,1983,1984,1985,1986,1987,1988,1989,1990,1991,1992,1993,1994,1995,1996,1997,1998,1999,2000,2001,2002,2003,2004,2005,2006,2007,2008,2009,2010,2011,2012,2013,2014,2015,2016,2017,2018,2019,2020,2021,2022,2023
Aruba,ABW,"GNI per capita, Atlas method (current US$)",,,,,,,,,,,,,,9840,11110,11570,12560,13610,14640,16060,16930,17150,17980,18230,18320,20390,20510,19290,21120,24010,20380,24870,23390,27580,24930,23390,23400,24440,25500,25520,25320,26200,27960,28910,29450,23340,30180,33410,
Africa Eastern and Southern,AFE,"GNI per capita, Atlas method (current US$)",492.3617341,487.0858806,482.2326819,515.6312999,600.1346359,730.920136,811.9632961,775.6345444,712.4791857,683.1913592,616.1368546,601.3853918,654.11923,741.9056433,771.6094702,779.4396571,815.5117901,786.5990249,743.3608797,697.5428235,730.189544,746.7112143,750.2393167,692.7843129,672.1620364,663.9797175,636.4902588,621.6407711,672.4056179,818.388346,1024.170094,1152.359614,1261.745694,1345.281077,1360.922432,1427.144713,1550.848604,1653.734453,1677.842535,1653.207179,1539.910427,1405.621402,1365.70867,1432.328196,1492.233983,1395.328928,1467.94977,1551.114501,1601.589297
Afghanistan,AFG,"GNI per capita, Atlas method (current US$)",,,,,,,,,,,,,,,,,,,,,,,,,,,,180,190,210,250,270,330,370,460,530,550,640,670,640,600,560,530,520,520,490,380,360,
Africa Western and Central,AFW,"GNI per capita, Atlas method (current US$)",,,,,,,,,,,,,,,,,,,,,,,,,,,,,,,,,,1435.481153,1502.582595,1559.825734,1595.463596,1767.480926,1928.862168,2100.908549,2012.26192,1785.044932,1600.461741,1627.341279,1698.106763,1696.191823,1748.719321,1785.122371,1702.074629
Angola,AGO,"GNI per capita, Atlas method (current US$)",,,,,,,,,,,,,,,,,,,760,250,370,340,430,390,330,360,390,590,710,1010,1370,1810,2460,3030,3170,3230,3410,4160,4710,4810,3930,2550,2090,1970,2110,1690,1640,1870,2130
Albania,ALB,"GNI per capita, Atlas method (current US$)",,,,,,,,,,,,700,730,730,760,650,410,280,320,380,640,890,800,860,950,1100,1280,1370,1650,2100,2620,3050,3460,4040,4280,4360,4410,4360,4540,4540,4390,4320,4290,4860,5230,5270,6100,6770,7570
Andorra,AND,"GNI per capita, Atlas method (current US$)",,,,,,,,,,,,,,,,,,,,,,,,,,,,,,,,,,,,,,,,,,,,,46530,42280,44350,50080,
Arab World,ARB,"GNI per capita, Atlas method (current US$)",1106.538047,1508.434743,1622.434152,1773.398089,2232.1886,2733.648129,2957.619867,2747.319733,2417.168452,2341.043454,2271.546901,2305.972419,2317.087221,2354.949336,2326.283112,2611.48524,2094.977207,2119.538238,2040.338678,2037.902127,2075.365391,2149.063658,2242.482157,2230.625488,2218.38776,2416.220212,2513.747711,2461.639931,2623.756661,3054.115458,3499.283997,4041.994879,4628.790217,5405.065069,5461.217003,5738.476885,6047.039358,6893.111847,7323.814407,7366.740082,6916.012293,6469.111949,6034.236142,6278.772904,6503.653442,5993.083838,6404.608605,7122.328931,7329.818921
United Arab Emirates,ARE,"GNI per capita, Atlas method (current US$)",20310,30400,34030,32200,39820,47020,47810,41860,35150,33730,30790,23860,24910,23990,25360,29210,27090,27170,26140,26660,28250,28590,29570,27700,25720,30050,30570,29620,31910,36840,40190,42600,41580,40490,34670,34050,37110,41810,45850,47420,46270,44460,42090,44350,46210,41600,43590,49160,53290
Argentina,ARG,"GNI per capita, Atlas method (current US$)",,,,,,,,,10550,5320,3100,3360,3510,3880,2920,3190,3860,6060,7110,7600,7340,7700,8110,7990,7540,7430,6960,4020,3640,3360,4240,5460,6480,7630,7760,9270,10710,11890,12870,12350,12600,12220,13140,12430,11220,9010,9980,11590,12520
Armenia,ARM,"GNI per capita, Atlas method (current US$)",,,,,,,,,,,,,,,,,,300,350,390,450,500,530,560,590,640,690,780,940,1160,1500,1970,2690,3510,3250,3390,3470,3840,4110,4170,4080,3850,4070,4410,4880,4470,4850,5960,7330
American Samoa,ASM,"GNI per capita, Atlas method (current US$)",,,,,,,,,,,,,,,,,,,,,,,,,,,,,,,,,,,,,,,,,,,,,,,,,
Antigua and Barbuda,ATG,"GNI per capita, Atlas method (current US$)",,,,,1670,2080,2320,2360,2580,3040,3500,3880,4810,6010,6520,7010,7530,7820,8380,8970,8700,9350,9820,10110,10570,11180,10580,10690,11650,12810,14010,15680,17240,17670,15680,14330,14010,14280,14280,14610,14470,14980,15700,17330,18090,15240,16520,18710,19990
Australia,AUS,"GNI per capita, Atlas method (current US$)",7220,7870,8080,8470,9600,10830,11870,12080,11570,12000,11990,12310,12560,14140,15600,17340,18240,18570,18950,18930,19370,20590,22060,21920,21610,21300,20330,20210,21380,25850,30740,34600,37390,42410,44100,46750,50410,60290,66090,65240,60550,54140,51530,53150,54970,53630,57240,60820,63140
Austria,AUT,"GNI per capita, Atlas method (current US$)",5540,5980,6660,7540,9620,11460,11180,10380,9600,9270,9360,10820,13810,18070,19300,20630,21810,24520,24870,26140,28190,30090,29560,27970,27080,26810,25320,25030,28100,33850,38770,41500,44540,49210,49150,49750,50700,50100,50720,50390,47480,46240,45040,48980,51000,48980,53150,55720,55070
Azerbaijan,AZE,"GNI per capita, Atlas method (current US$)",,,,,,,,,,,,,,,,,,160,110,80,180,240,410,510,600,630,680,740,840,960,1290,1920,2730,3890,4820,5410,5570,6480,7450,7740,6610,4790,4110,4080,4510,4480,4910,5670,6680
Burundi,BDI,"GNI per capita, Atlas method (current US$)",110,120,140,140,170,210,240,220,220,210,230,240,250,250,230,220,220,210,190,170,150,150,150,150,140,140,130,130,120,120,130,150,170,180,190,210,220,240,240,250,250,250,250,240,230,220,220,240,230
Belgium,BEL,"GNI per capita, Atlas method (current US$)",6910,7580,8220,9560,11730,13980,13190,11180,9430,8860,8820,10170,13090,17010,18030,19310,20580,23170,23410,25090,27070,28550,28450,26530,25980,25890,24460,24060,27100,32910,37780,39940,42740,46570,46980,47080,46490,47130,47900,47820,45570,43400,42520,46060,48100,46100,51060,53890,54530
Benin,BEN,"GNI per capita, Atlas method (current US$)",200,200,220,240,300,370,400,350,280,260,250,260,300,350,330,360,370,360,370,320,350,340,370,370,410,470,520,520,590,720,810,840,900,1010,1060,1050,1060,1090,1180,1230,1140,1070,1050,1150,1200,1230,1330,1400,1440
Burkina Faso,BFA,"GNI per capita, Atlas method (current US$)",160,170,170,200,250,290,290,280,230,200,200,230,260,310,320,320,340,360,350,270,250,240,250,240,260,260,270,260,310,370,440,470,490,550,590,630,660,710,750,740,680,660,650,730,750,770,830,850,850
Bangladesh,BGD,"GNI per capita, Atlas method (current US$)",200,190,160,160,180,220,250,240,220,210,210,230,260,280,290,300,310,320,320,320,330,360,390,410,420,430,430,430,460,500,540,570,600,660,720,800,890,970,1030,1100,1210,1410,1650,2020,2210,2300,2570,2820,2860
Bulgaria,BGR,"GNI per capita, Atlas method (current US$)",,,,,,,,2360,2090,2010,1950,2190,2720,3110,2830,2250,1620,1430,1250,1240,1520,1590,1460,1440,1480,1660,1770,1970,2370,3060,3800,4300,4820,6070,6680,7010,7270,7500,7600,7710,7430,7400,7620,8530,9500,9530,11050,13350,14460
Bahrain,BHR,"GNI per capita, Atlas method (current US$)",,,,,,7520,8450,8410,8970,9040,7630,6960,7410,7510,7370,8690,9330,9330,9380,8970,9550,9870,9400,9190,9080,11200,11520,11850,12950,14510,16310,17660,19570,20940,18920,19390,19150,23360,24790,24530,22760,21850,21760,23190,24420,22960,24710,27710,28280
"Bahamas, The",BHS,"GNI per capita, Atlas method (current US$)",4340,2920,3150,3490,4880,5700,5470,6030,6320,7340,8120,8960,10270,11130,11790,11230,10710,10900,10640,10880,13340,14840,13500,16180,22210,23790,24390,25040,25680,27200,28560,28870,29330,29270,27530,26900,26540,27160,26200,26520,26760,26920,28420,29460,30210,23550,27880,31030,31990
Bosnia and Herzegovina,BIH,"GNI per capita, Atlas method (current US$)",,,,,,,,,,,,,,,,,,1130,970,570,500,640,890,1220,1270,1320,1410,1570,1830,2450,2810,3170,3680,4500,4790,4820,4900,4900,5160,5170,5130,5060,5050,5700,6160,6120,6910,7650,8160
Belarus,BLR,"GNI per capita, Atlas method (current US$)",,,,,,,,,,,,,,,,,,2700,1680,1140,1370,1450,1540,1560,1410,1380,1300,1380,1630,2170,2820,3510,4310,5470,5660,6150,6340,6630,7030,7620,6750,5640,5320,5730,6370,6410,7040,7230,7780
Belize,BLZ,"GNI per capita, Atlas method (current US$)",860,810,860,930,1120,1410,1420,1280,1150,1170,1210,1370,1640,1920,2130,2510,2990,3690,3840,3800,3890,3910,3950,3860,4050,4470,4460,4540,4800,4970,5020,5120,5160,5130,5240,5000,5090,5240,5490,5580,5730,5600,5470,5600,5820,5120,6040,6630,7190
Bermuda,BMU,"GNI per capita, Atlas method (current US$)",,,,,,,,,,,,,,,,,,,,,,,,,,,,,,,,,,,,103480,101610,100100,101760,99920,101120,103620,112940,117000,117280,111800,122670,134640,
Bolivia,BOL,"GNI per capita, Atlas method (current US$)",,530,570,640,740,800,870,820,810,820,810,720,690,690,700,700,720,740,770,790,830,880,930,970,950,960,940,900,890,940,1000,1090,1210,1450,1600,1750,1970,2210,2540,2780,2900,2970,3020,3290,3440,3120,3290,3490,3600
Brazil,BRA,"GNI per capita, Atlas method (current US$)",,,,,,,,,,,,,,,9090,3930,2510,2310,2290,2590,3400,4370,5060,4920,4190,3910,3330,3080,2980,3340,3980,4830,6170,7590,8300,9610,11040,12270,12750,12080,10160,8890,8670,9140,9220,7910,7880,8240,9070
Barbados,BRB,"GNI per capita, Atlas method (current US$)",1790,2090,2360,2670,3250,3440,4070,4370,4440,4910,5270,5880,6680,7440,7900,7660,7640,7540,7770,8100,8460,8840,9220,9630,10050,11060,10910,10930,11590,12600,13580,14600,15940,16610,16170,15990,15470,16200,16150,16110,16220,16400,16560,17170,17820,16570,17140,20210,21280
Brunei Darussalam,BRN,"GNI per capita, Atlas method (current US$)",,,,,,,,,,,,,,,11970,12310,13400,14970,14870,14960,15580,16130,16150,14380,14000,14650,16040,17100,17770,19930,22990,27390,30620,33690,31930,32680,34830,41580,44520,42380,38250,32690,29400,29030,31880,31210,30320,31410,34970
Bhutan,BTN,"GNI per capita, Atlas method (current US$)",230,220,220,220,230,260,280,260,240,270,270,320,450,500,520,530,450,440,430,460,470,510,560,530,560,720,790,870,960,1090,1260,1380,1690,1840,1970,2150,2380,2550,2570,2610,2680,2820,2950,3140,3360,3030,3290,3590,
Botswana,BWA,"GNI per capita, Atlas method (current US$)",530,550,580,670,860,1060,1270,1220,1100,1020,1010,1090,1270,1890,2220,2610,2950,3140,3180,2820,3110,3030,3170,3050,3000,3020,3100,2780,3200,3730,4690,5250,5460,5310,4750,5220,6320,6700,6710,6710,5860,5760,5860,6270,6630,6130,6900,7420,7620
Central African Republic,CAF,"GNI per capita, Atlas method (current US$)",160,180,210,240,280,320,330,330,260,270,290,350,420,490,490,480,470,470,440,360,350,290,300,270,270,250,250,250,250,290,320,340,370,400,460,480,500,530,350,360,370,380,400,450,470,460,480,480,470
Canada,CAN,"GNI per capita, Atlas method (current US$)",8020,8780,9130,9750,10600,11600,12370,11900,12180,13150,13940,14560,16320,18620,19860,20650,20990,21420,21270,20890,20850,20820,21330,20900,21450,22740,23120,23590,25480,29530,34310,37900,41540,44930,43230,44490,47190,51080,52800,52200,47580,43900,42900,45060,46580,43900,48780,53300,53930
Central Europe and the Baltics,CEB,"GNI per capita, Atlas method (current US$)",,,,,,,,,,,,,,,,,,2207.358354,2377.947679,2648.629486,3137.29864,3604.364114,3825.684033,3868.688851,3912.850636,4090.972846,4170.604974,4429.386788,5187.405531,6381.470962,7734.12021,8849.854745,10322.24679,12381.74953,12752.7491,12795.51157,12977.5951,13139.69181,13390.18535,13558.4105,13251.11712,12828.3262,13069.07558,14695.03282,15931.58909,15845.4323,17650.2143,19437.14785,20342.12256
Switzerland,CHE,"GNI per capita, Atlas method (current US$)",10530,11210,12370,14400,17980,22320,21930,19650,18230,18470,18580,20930,26360,34580,36220,37950,38580,42050,41950,43050,46700,49670,49290,46130,44190,44580,42010,40640,46660,55000,62770,65290,64120,64870,71800,79040,81330,86720,90590,88250,86810,83360,80770,82470,83160,81740,90810,95490,95160
Channel Islands,CHI,"GNI per capita, Atlas method (current US$)",,,,,,,,,,,,,,,,,,,,,,,,,,,,,,,,,,,,,,,,,,,,,,,,,
Chile,CHL,"GNI per capita, Atlas method (current US$)",1140,1010,1060,1360,1780,2290,2770,2040,1640,1450,1420,1460,1650,1920,2180,2340,2590,3100,3430,3720,4410,5070,5610,5520,5150,5080,4830,4570,4620,5260,6270,7430,8790,10060,9990,10840,11980,14310,15240,14830,14220,13440,13330,14610,14820,13010,14760,15430,15820
China,CHN,"GNI per capita, Atlas method (current US$)",200,190,190,200,210,220,220,220,220,250,290,310,320,330,320,330,350,390,420,470,540,650,750,800,860,940,1010,1110,1280,1510,1760,2060,2510,3100,3680,4340,5040,5910,6740,7470,7890,8210,8670,9540,10310,10520,11950,12890,13400
Cote d'Ivoire,CIV,"GNI per capita, Atlas method (current US$)",560,640,740,910,1090,1120,1100,940,710,650,630,730,820,920,830,780,750,780,750,680,690,540,660,740,720,640,580,560,610,750,900,900,930,1060,1150,1190,1080,1220,1320,1990,2010,2020,2010,2160,2290,2280,2490,2620,2670
Cameroon,CMR,"GNI per capita, Atlas method (current US$)",360,340,350,530,650,650,800,790,720,740,800,980,1150,1220,1110,1000,930,950,980,880,860,770,780,760,750,720,690,690,820,1020,1130,1190,1230,1350,1440,1440,1450,1450,1510,1550,1520,1450,1400,1500,1540,1520,1590,1630,1650
"Congo, Dem. Rep.",COD,"GNI per capita, Atlas method (current US$)",,,,,,,,,,,,,,,,,,630,330,160,140,130,120,120,100,130,130,190,160,190,200,220,250,280,290,310,330,370,400,430,440,450,440,480,510,540,560,610,660
"Congo, Rep.",COG,"GNI per capita, Atlas method (current US$)",470,460,430,470,590,800,1070,1210,1070,1060,990,970,1040,920,930,920,950,1050,900,750,470,460,590,580,500,560,620,670,690,760,1100,1570,1670,2110,2420,2650,2600,3350,3590,3820,3100,2280,1760,2080,2200,2250,2220,2290,2470
Colombia,COL,"GNI per capita, Atlas method (current US$)",610,640,710,870,1090,1290,1380,1370,1310,1310,1240,1240,1260,1320,1270,1350,1400,1590,1770,2080,2380,2570,2690,2590,2360,2360,2350,2400,2400,2640,3030,3540,4170,4770,5190,5680,6370,7330,8000,8260,7400,6530,6010,6320,6590,5810,6220,6630,6870
Comoros,COM,"GNI per capita, Atlas method (current US$)",,,,,,,,620,550,520,520,590,740,910,890,930,910,1060,1050,850,830,770,790,730,710,730,710,690,800,970,1120,1170,1210,1350,1440,1450,1480,1500,1580,1580,1470,1410,1370,1480,1520,1520,1580,1610,1600
Cabo Verde,CPV,"GNI per capita, Atlas method (current US$)",,,,,,,,460,420,410,410,470,600,770,830,830,840,970,1110,1220,1320,1260,1270,1240,1280,1310,1260,1220,1420,1790,2030,2160,2720,3300,3580,3520,3640,3580,3640,3520,3360,3280,3280,3630,3930,3100,3400,4060,4280
Costa Rica,CRI,"GNI per capita, Atlas method (current US$)",960,1040,1230,1460,1720,1930,1400,1010,930,1100,1220,1420,1580,1630,1640,1720,1930,2320,2710,2950,3160,3220,3330,3390,3450,3560,3660,3750,4000,4350,4610,5020,5630,6350,6480,7190,8020,9190,9840,10250,10610,11000,11400,11880,12040,11500,12380,12920,13850
Caribbean small states,CSS,"GNI per capita, Atlas method (current US$)",1261.430322,1164.398041,1252.398913,1398.603898,1715.835472,1937.003389,2063.760696,2085.851482,2070.526587,2263.329161,2464.920427,2741.227282,3087.071816,3491.008025,3537.452776,3426.51603,3392.363166,3550.53304,3620.973268,3784.079311,4234.385901,4617.304908,4584.724693,5022.417414,5856.513136,6289.935036,6293.690954,6462.642696,6807.398668,7388.013344,7921.166767,8458.924183,9193.653326,10066.79418,9968.290708,10051.76265,10182.26016,10627.9795,10712.9589,10848.66903,10810.52277,10607.63765,10769.69234,11183.84502,11523.03519,10187.4419,11355.21559,13923.36492,15829.80987
Cuba,CUB,"GNI per capita, Atlas method (current US$)",1490,1540,1600,1780,2000,2150,2440,2350,2180,2300,2300,2380,2480,2770,2740,2650,2330,2120,1870,2130,2540,2700,2500,2240,2400,2620,2760,2830,3100,3500,3970,4410,4740,5040,5090,5170,5590,6080,6620,6820,7220,7480,7950,8630,8920,,,,
Curacao,CUW,"GNI per capita, Atlas method (current US$)",,,,,,,,,,,,,,,,,,,,,,,,,,,,,,,,,,,,,,,19020,18980,18780,18260,18230,18820,19140,16300,18160,20590,
Cayman Islands,CYM,"GNI per capita, Atlas method (current US$)",,,,,,,,,,,,,,,,,,,,,,,,,,,,,,,,,,,,73590,74100,51400,45330,43850,44970,48480,52670,58820,65690,57410,62660,68790,
Cyprus,CYP,"GNI per capita, Atlas method (current US$)",,,1520,1800,2400,3390,4050,4490,4220,4360,4480,5020,6300,7910,8570,9300,9460,11020,10970,11680,12810,13880,14280,15490,14340,14180,14170,14510,16710,20260,23990,25600,27340,31970,32820,32170,32680,29760,27860,26590,26090,24840,25020,27390,28560,26870,29490,31520,30990
Czechia,CZE,"GNI per capita, Atlas method (current US$)",,,,,,,,,,,,,,,,,,3360,3500,4170,5150,5980,6160,6110,6110,6340,6350,6650,8110,10260,12480,14000,15850,18510,18840,19400,19460,19440,19410,18900,18370,17670,18310,20560,22120,21800,24530,26140,27110
Germany,DEU,"GNI per capita, Atlas method (current US$)",6720,7130,7670,8870,11050,13010,12540,11120,10020,9880,9840,11240,14240,18620,19760,21300,22890,25810,25990,27530,29520,30860,30140,27950,26840,26180,24770,23680,26140,31670,35770,38270,40470,43650,43660,44680,47320,46560,47220,47640,45780,44280,43760,47490,49410,47970,52050,54030,53970
Djibouti,DJI,"GNI per capita, Atlas method (current US$)",,,,,,,,,,,,,,,,,,,,,,,,,,,,,,,,,,,,,,,,,2410,2510,2590,2750,2820,2830,3050,3370,3450
Dominica,DMA,"GNI per capita, Atlas method (current US$)",,,,,740,1000,1200,1250,1260,1370,1520,1820,2200,2590,2630,2850,3010,3270,3490,3580,3820,3990,4100,4270,4270,4300,4570,4370,4790,5080,5190,5650,5920,6530,6720,6930,7140,7060,6910,7220,6990,7410,7400,7890,8250,7160,7780,8470,8920
Denmark,DNK,"GNI per capita, Atlas method (current US$)",8080,8960,9780,11170,13560,15090,14180,12860,11710,11520,11840,14070,17760,22130,23050,24370,25540,28700,28570,30360,32560,34770,35150,33460,33060,32580,31410,30850,34750,42640,49610,53540,55740,60390,60090,61220,61990,61650,63200,63670,60510,58040,56690,61260,63140,62540,69780,73520,73360
Dominican Republic,DOM,"GNI per capita, Atlas method (current US$)",720,780,840,910,1040,1150,1220,1250,1250,1310,1100,1040,940,920,910,870,1040,1350,1620,1740,1940,2160,2340,2430,2520,2660,2720,2870,2620,2540,3020,3610,4400,4730,4890,5280,5490,5730,5970,6260,6500,6780,7000,7680,7990,7170,8100,9070,9700
Algeria,DZA,"GNI per capita, Atlas method (current US$)",960,1100,1130,1360,1690,2040,2250,2310,2240,2310,2440,2620,2830,2770,2570,2390,2000,1920,1750,1640,1570,1530,1520,1560,1550,1610,1730,1840,2100,2450,2920,3330,3810,4460,4610,4920,5100,5690,6030,6100,5460,4980,4500,4510,4540,4070,4170,4490,4960
East Asia & Pacific (excluding high income),EAP,"GNI per capita, Atlas method (current US$)",218.5405073,214.2133071,227.378487,241.272239,266.3946663,294.6218508,311.8008897,311.4267217,307.2576172,324.9242369,347.1236346,368.6617146,385.4199307,405.2991395,407.5498266,423.0114723,453.0186442,503.1262763,546.4527169,612.9069592,705.2729567,820.6661341,888.5295237,832.6509522,855.1389179,911.0297796,981.6908397,1062.029217,1206.848684,1419.311127,1634.534804,1891.202399,2269.074852,2764.490412,3211.700847,3755.088567,4340.816868,5073.401197,5699.180697,6196.420943,6446.266171,6652.554954,6991.588543,7672.150162,8259.198545,8332.187363,9340.14367,10068.26627,10446.11547
Early-demographic dividend,EAR,"GNI per capita, Atlas method (current US$)",523.9741572,589.4939067,610.235625,660.1137952,770.8816488,918.4282302,1040.808653,1014.531256,924.6732675,807.0102914,769.9579437,790.1426245,820.6511606,852.1704474,822.7689486,859.308711,900.6829522,991.8377044,1049.450589,1106.815829,1133.48482,1182.349243,1216.281037,1183.411455,1194.150323,1258.591742,1276.708855,1246.882584,1324.372286,1501.381696,1716.570847,1923.300815,2170.808284,2428.176156,2509.865396,2734.72034,2983.843055,3290.867301,3417.294365,3448.769178,3327.517753,3289.273773,3343.759027,3511.798002,3573.662165,3300.248249,3636.89895,3991.744181,4207.69479
East Asia & Pacific,EAS,"GNI per capita, Atlas method (current US$)",715.2232231,740.7047426,799.9309065,944.168218,1146.100082,1301.265283,1354.536336,1304.656844,1266.599395,1308.157286,1401.102524,1607.066749,1956.685537,2500.441507,2692.572263,2801.52271,2904.959943,3106.579369,3371.240509,3691.112977,4155.683248,4367.130195,4232.679318,3702.409939,3661.496066,3870.407923,3956.681965,3908.982452,4091.521552,4601.539848,5038.964952,5323.449836,5688.358975,6194.696286,6540.742752,7357.45919,8164.629757,9126.540043,9717.466095,9938.615682,9819.38192,9894.506471,10230.35898,11097.9842,11691.42172,11644.77786,12841.50064,13525.91384,13712.4644
Europe & Central Asia (excluding high income),ECA,"GNI per capita, Atlas method (current US$)",,,,,,,,,,,,,,,,1533.274298,1581.112313,1680.5485,1627.262806,1376.729022,1433.098041,1468.700447,1586.453172,1666.532789,1681.146054,1847.299778,1644.353555,1688.492423,1934.190053,2548.657761,3247.358391,3853.743161,4577.438919,5315.382115,5336.684232,5789.882512,6229.815717,6825.670011,7416.179824,7435.337371,6980.286851,6337.082025,6116.247402,6099.566142,6054.340382,5860.561757,6408.686488,6940.833767,7691.872477
Europe & Central Asia,ECS,"GNI per capita, Atlas method (current US$)",3092.974831,3268.894625,3489.430125,3946.026531,4877.595132,5844.6612,5872.518811,5377.814403,4813.129626,4641.548352,4624.912776,5284.69013,6672.841148,8548.24515,9128.877468,9799.170094,10392.94614,11462.04693,11282.80567,11469.59755,11968.6363,12694.13344,12957.34104,12567.11659,12433.67413,12530.03173,12125.89273,12050.89795,13629.13615,16584.20341,19213.38695,20794.63164,22531.64877,24542.92442,24313.03031,24544.01517,25006.80601,25316.63275,26009.14472,26055.97524,24674.42516,23355.47153,22877.32683,24428.54798,25345.49757,24015.46214,26743.82488,28534.49227,29061.17309
Ecuador,ECU,"GNI per capita, Atlas method (current US$)",1080,1260,1340,1530,1780,2070,2410,2350,2070,1860,1780,1730,1600,1470,1330,1340,1450,1570,1640,1800,1950,2070,2170,2160,1780,1510,1500,1660,2020,2420,2770,3010,3220,3790,3990,4320,4800,5350,5920,6220,5990,5780,5960,6140,6100,5400,6080,6520,6510
"Egypt, Arab Rep.",EGY,"GNI per capita, Atlas method (current US$)",330,350,370,380,410,480,510,550,560,630,670,730,860,820,770,740,730,740,740,800,900,990,1090,1170,1260,1370,1380,1280,1190,1150,1160,1260,1460,1750,2010,2250,2430,2690,2870,3060,3160,3260,2940,2760,2690,3010,3520,4100,3900
Euro area,EMU,"GNI per capita, Atlas method (current US$)",5226.464944,5545.544079,5954.508593,6764.218803,8388.821377,10064.87119,9964.94066,9026.228367,8046.082802,7821.869478,7831.148556,9036.473541,11545.3396,15004.52588,16091.50614,17351.94809,18569.18845,20852.20299,20537.04182,21076.5557,22220.82337,23493.43343,23489.36308,22475.06326,22067.80767,21868.4086,20989.8125,20496.35954,23094.48058,28074.26573,32154.96772,34254.70437,36409.02874,39229.64292,39355.95383,39524.64446,40005.73934,38918.50916,39128.64465,39051.61706,37417.62106,36052.01225,35576.38566,38544.1661,39991.44802,37899.9015,42019.06404,43978.70334,44016.66044
Eritrea,ERI,"GNI per capita, Atlas method (current US$)",,,,,,,,,,,,,,,,,,,,290,280,290,310,310,300,290,300,290,290,330,390,410,430,420,490,520,610,,,,,,,,,,,,
Spain,ESP,"GNI per capita, Atlas method (current US$)",3240,3430,3640,4040,5010,6210,6310,5680,4860,4580,4550,5400,7110,9410,10700,12210,13700,15610,15010,14470,14830,15560,15820,15440,15480,15790,15540,15630,18080,22130,25910,27850,29770,32250,32560,31970,31020,29540,29230,29160,28460,27570,27120,29330,30360,27180,30090,32090,32180
Estonia,EST,"GNI per capita, Atlas method (current US$)",,,,,,,,,,,,,,,,,,,,,3020,3370,3640,3820,3840,4170,4310,4620,5730,7500,9730,11500,13430,15190,14570,14580,15840,16760,18140,18880,18570,18290,18760,21180,23090,23500,26310,27200,27240
Ethiopia,ETH,"GNI per capita, Atlas method (current US$)",160,160,160,180,200,230,230,210,220,210,200,240,290,280,260,260,250,230,220,170,150,150,150,130,130,130,130,120,110,130,160,180,220,270,330,370,380,400,460,540,590,650,720,780,830,880,940,1020,1130
European Union,EUU,"GNI per capita, Atlas method (current US$)",4402.421377,4669.736237,5008.233478,5679.282969,7019.113507,8391.748603,8307.200922,7522.322999,6695.196386,6501.664191,6507.052729,7511.238845,9579.936137,12397.60424,13284.73701,14306.63727,15287.992,17154.5248,16905.91044,17389.38713,18389.30963,19525.08698,19596.6862,18822.72226,18536.77718,18451.06624,17772.05179,17461.20181,19734.01487,24022.48332,27631.27717,29599.57985,31664.18918,34406.78496,34552.00837,34775.16483,35236.32586,34499.2165,34798.10664,34801.1782,33399.82024,32173.53847,31829.42773,34567.04379,35981.83072,34314.65665,38097.31104,40157.77677,40328.53723
Fragile and conflict affected situations,FCS,"GNI per capita, Atlas method (current US$)",,,,,,,,,,,,,,,,,,,,,,,,,,,,,,,,,,1671.633644,1762.476115,1900.583064,1905.740471,2128.568114,2201.379051,2248.445466,1981.731245,1801.702753,1674.779831,1732.683643,1832.22178,1716.018799,1796.577805,1848.742224,1827.843707
Finland,FIN,"GNI per capita, Atlas method (current US$)",6320,6840,7190,7910,9540,11450,11980,11700,10840,10790,11130,13010,16480,21540,24110,26000,25100,24170,20680,20170,22030,24970,26680,25820,26050,26480,25850,25620,28800,35380,40230,42840,46190,50160,48950,49750,50260,48970,49510,49420,47180,45530,44840,48210,49940,50030,53210,54730,53390
Fiji,FJI,"GNI per capita, Atlas method (current US$)",1120,1230,1290,1360,1640,1840,2010,1780,1570,1640,1550,1730,1690,1690,1680,1670,1680,1880,2000,2160,2410,2620,2540,2250,2300,2170,2070,2070,2290,2850,3350,3370,3560,3760,3650,3470,3590,3930,4470,4750,4830,5010,5120,5680,5590,4650,4490,5390,5580
France,FRA,"GNI per capita, Atlas method (current US$)",6750,7170,7840,8860,10850,13100,13200,12050,10450,9830,9780,11350,14500,18570,19550,20710,21420,23840,23580,24380,25740,27110,26930,25820,25420,24990,23870,23150,26000,31450,35920,37880,40160,43540,44070,43970,44440,43410,43800,43340,41130,39100,38320,41170,42460,39250,43810,45290,45070
Faroe Islands,FRO,"GNI per capita, Atlas method (current US$)",,,,,,,,,,,,,,,,,,,,,,,,,,,,,,,,,,,,49280,53610,56390,59300,60390,57780,57400,57880,62940,66090,64460,69840,74420,
"Micronesia, Fed. Sts.",FSM,"GNI per capita, Atlas method (current US$)",820,790,760,820,890,910,1040,1010,1000,980,1170,1400,1510,1650,1630,1740,1870,1930,2080,2070,2150,2090,1880,1890,1980,2130,2160,2170,2270,2340,2450,2450,2460,2470,2690,2780,2950,3050,3100,3100,3470,3400,3400,3350,4010,3940,3970,4050,4150
Gabon,GAB,"GNI per capita, Atlas method (current US$)",2800,4330,3900,3000,3410,4450,5120,4680,4120,4160,3730,3710,3310,4010,4420,4660,5000,4950,4280,4000,3780,3960,4130,3810,3170,2990,3300,3470,3710,4120,5260,5470,6260,6950,7210,7450,7720,8660,8920,8930,7660,6810,6280,6610,6950,6830,6440,7530,7960
United Kingdom,GBR,"GNI per capita, Atlas method (current US$)",4890,5030,5240,5950,7590,9560,10670,10670,9870,9280,9170,10260,12720,16180,17400,18590,19410,21510,21390,21920,21120,22850,25570,26970,28120,29420,29110,29190,32250,37810,42700,44850,47390,48390,44080,41770,41100,41800,42790,44580,44380,42960,41660,42020,43240,38750,45550,48640,47800
Georgia,GEO,"GNI per capita, Atlas method (current US$)",,,,,,,,,,,,,,,,0,0,750,540,510,550,670,820,870,840,790,780,840,990,1210,1520,1910,2380,2820,2950,3220,3580,4250,4680,4850,4500,4180,4130,4580,4780,4330,4760,5690,6680
Ghana,GHA,"GNI per capita, Atlas method (current US$)",310,280,290,330,360,390,380,330,290,320,330,370,400,410,380,380,400,420,400,360,360,370,380,380,390,330,290,270,310,370,450,570,770,1120,1150,1200,1340,1480,1780,1820,1870,1750,1820,2050,2150,2230,2280,2380,2340
Gibraltar,GIB,"GNI per capita, Atlas method (current US$)",,,,,,,,,,,,,,,,,,,,,,,,,,,,,,,,,,,,,,,,,,,,,,,,,
Guinea,GIN,"GNI per capita, Atlas method (current US$)",1390,1440,1380,1560,1720,1940,1940,1960,2070,2490,3150,1160,740,590,590,600,610,670,710,710,720,730,730,680,650,590,530,510,510,560,540,510,540,620,670,690,670,690,690,730,750,760,810,850,940,950,990,1180,1360
"Gambia, The",GMB,"GNI per capita, Atlas method (current US$)",200,210,210,230,280,340,340,300,270,250,260,270,290,280,280,280,360,480,650,630,630,640,630,600,590,570,510,410,370,430,480,600,650,750,810,820,700,700,670,600,580,580,610,670,700,700,740,800,830
Guinea-Bissau,GNB,"GNI per capita, Atlas method (current US$)",500,450,400,430,440,370,460,480,460,460,440,390,440,480,540,590,650,630,590,570,590,630,630,460,500,410,360,330,360,410,470,470,490,540,590,620,660,630,660,660,670,670,710,750,820,790,830,870,900
Equatorial Guinea,GNQ,"GNI per capita, Atlas method (current US$)",,,,,,,,110,120,120,140,150,190,230,210,240,240,340,330,240,220,320,770,620,720,680,790,1110,1040,1490,3370,7020,10040,12330,10830,8600,9950,11980,12140,11460,9410,7180,5660,5860,5520,5150,5180,4870,5240
Greece,GRC,"GNI per capita, Atlas method (current US$)",3480,3750,3940,4600,5650,6500,6370,5910,5280,5140,5010,5360,6130,7590,8310,8970,9850,11200,11140,11610,12410,13430,14100,13810,13380,13350,13080,13190,15740,19640,22800,24570,26370,28710,29420,27610,24560,23180,22430,22010,20190,18640,17960,19080,19690,17920,20010,21810,22580
Grenada,GRD,"GNI per capita, Atlas method (current US$)",,,,,1070,1220,1250,1260,1250,1320,1490,1770,2170,2450,2610,2760,2940,3020,3000,3090,3190,3370,3520,3830,4140,4410,4310,4460,5060,5100,6310,6080,6430,6810,6270,6470,6560,6520,6840,6940,7140,7680,8020,8750,8880,7890,8320,9350,9800
Greenland,GRL,"GNI per capita, Atlas method (current US$)",3800,4330,5140,6160,7550,9270,9100,8020,7270,6740,7060,8540,11470,15170,16970,15690,16510,17440,16600,17830,19470,20780,20540,20440,19740,20290,19390,18760,20440,25730,30920,30240,34800,,,,,,,,,,,,,,,,
Guatemala,GTM,"GNI per capita, Atlas method (current US$)",610,690,800,920,1080,1210,1240,1170,1110,1130,1160,1070,1020,980,980,930,970,1030,1140,1230,1360,1440,1530,1610,1650,1670,1600,1600,1670,1850,2000,2150,2370,2610,2650,2730,2910,3160,3380,3550,3700,3870,4100,4400,4620,4490,4930,5340,5580
Guam,GUM,"GNI per capita, Atlas method (current US$)",,,,,,,,,,,,,,,,,,,,,,,,,,,,,,,,,,,,,,,,,,,,,,,,,
Guyana,GUY,"GNI per capita, Atlas method (current US$)",680,670,610,620,670,760,740,590,510,470,500,520,450,460,360,390,330,390,470,570,680,840,890,870,850,870,870,870,920,1010,1070,1450,2250,3820,4160,4520,4870,5360,5630,5660,5560,5690,6000,6240,6500,8110,9340,14920,20360
High income,HIC,"GNI per capita, Atlas method (current US$)",4857.593249,5167.372213,5543.157517,6321.275557,7582.578122,8761.104663,9128.814559,8683.944486,8328.648504,8640.493417,9035.314383,10154.85639,12143.27297,14761.61189,15582.72496,16323.94321,16958.99576,18321.65333,18752.65501,19651.84604,20969.44165,21988.62791,22151.13196,21286.7483,21504.16953,22426.45897,22456.63131,22386.74451,24192.82383,27718.0865,30652.98999,32316.72039,33776.78018,35477.92967,34899.05923,35951.90232,37252.30483,38686.45505,39594.2263,39734.40292,38351.63145,37370.38242,37590.23576,40278.81194,41851.65658,40352.51039,44520.24801,47261.83959,48223.72917
"Hong Kong SAR, China",HKG,"GNI per capita, Atlas method (current US$)",2450,2900,3340,3930,4700,5730,6360,6290,5890,6170,6090,7230,9080,10770,11550,12660,14320,16560,19560,21820,23570,24140,26080,25110,25800,26930,26350,25270,26340,28120,28890,30290,32070,33950,32350,33620,35690,36340,38570,40240,41180,42970,46380,50050,50480,48550,54380,54000,55200
Honduras,HND,"GNI per capita, Atlas method (current US$)",370,400,450,590,810,1060,1060,1000,980,1050,1130,1240,1380,1380,1250,1080,920,910,930,860,880,860,890,900,920,1010,1040,1060,1110,1190,1270,1340,1470,1610,1650,1710,1850,1930,1970,1970,2020,2080,2200,2280,2330,2120,2440,2710,2900
Heavily indebted poor countries (HIPC),HPC,"GNI per capita, Atlas method (current US$)",308.2428355,317.9866459,330.755913,372.2033496,428.9427569,484.8977099,506.7776565,479.952367,439.9727899,433.9741576,447.5222253,431.3745064,459.4089455,482.6413473,469.2497881,463.2587526,480.0107376,429.8874326,376.2392412,320.9055239,326.8935376,327.7370452,343.5778528,340.383723,339.822533,338.5306651,336.0205578,341.3267552,366.9542675,421.9344361,477.1218849,524.9592596,591.9460777,689.6083372,742.2733505,771.6843639,796.6535531,829.3723311,879.8161349,938.3330249,932.7092795,906.5314877,896.1343092,941.5153817,972.5104371,957.1082608,1003.339103,1071.201053,1132.608856
Croatia,HRV,"GNI per capita, Atlas method (current US$)",,,,,,,,,,,,,,,,,,3190,2600,2690,3690,4830,5600,5530,5250,5300,5360,5650,6700,8570,10210,11240,12520,14000,13910,13860,13950,13460,13810,13670,13510,12910,13110,14430,15460,14740,17650,19650,20670
Haiti,HTI,"GNI per capita, Atlas method (current US$)",,,,,,250,250,250,250,260,290,330,350,390,380,420,460,400,320,260,310,370,400,410,460,550,640,740,680,680,710,800,900,1010,1150,1140,1250,1320,1410,1460,1430,1370,1360,1420,1410,1330,1440,1610,1740
Hungary,HUN,"GNI per capita, Atlas method (current US$)",1200,1260,1390,1590,1850,2160,2300,2270,2100,2020,1950,2130,2520,2840,2900,3010,2910,3310,3660,4030,4250,4370,4400,4410,4490,4620,4790,5290,6630,8650,10380,11240,11770,13250,13410,13260,13250,13080,13520,13560,13230,13100,13180,14980,16570,16040,17740,19050,19820
IBRD only,IBD,"GNI per capita, Atlas method (current US$)",776.9033418,817.689601,852.6787973,926.4665523,1065.066957,1242.764877,1368.578274,1345.146206,1248.211586,1137.350476,1129.954941,1175.481311,1247.250061,1308.321545,1280.758137,1053.823085,966.9318577,1019.046054,1061.082007,1123.036054,1221.330339,1350.994774,1445.076203,1403.635136,1379.141295,1427.164789,1438.374576,1455.996984,1580.571787,1838.883745,2147.445859,2496.914356,2966.931212,3501.869293,3764.867328,4206.329547,4689.836504,5320.742392,5745.640519,5926.104506,5743.353359,5629.841236,5753.4348,6189.857831,6520.326997,6289.270413,6973.930795,7538.964626,7931.077733
IDA & IBRD total,IBT,"GNI per capita, Atlas method (current US$)",690.7029148,725.4707698,753.5160108,819.4513486,940.9480503,1095.596059,1201.690903,1177.455013,1092.067749,1001.378353,997.1121625,1031.53563,1092.910249,1146.497726,1120.884773,934.1965753,864.6062695,903.0836342,931.9529465,976.3352757,1055.229641,1158.287505,1233.364495,1197.035753,1175.46837,1214.125562,1222.129542,1235.822102,1337.315612,1550.564318,1802.665805,2082.779018,2458.891467,2889.873148,3099.301852,3442.189588,3814.041239,4303.566802,4635.280092,4782.329075,4635.353455,4533.75649,4610.584796,4940.780828,5182.249793,4987.868283,5490.466753,5902.54332,6164.249758
IDA total,IDA,"GNI per capita, Atlas method (current US$)",,,,,,,,,,,,,,,,498.971834,507.469861,485.9722894,461.4229013,434.7132007,442.2693226,445.2294414,454.3822757,447.8952615,448.6692431,464.5844252,473.6975477,487.3171467,520.679224,593.5775711,668.6244138,728.9405157,809.5488022,924.11222,989.0637353,1051.954448,1110.371045,1200.332789,1283.547173,1365.675611,1361.126156,1332.475777,1314.388433,1386.182136,1428.420265,1392.511242,1460.543221,1538.115653,1531.338398
IDA blend,IDB,"GNI per capita, Atlas method (current US$)",,,,,,,,,,,,,,,,,,,,,,,,,,,,,,,,,,1349.233617,1406.657514,1470.044614,1538.773382,1721.284372,1882.867412,2030.230249,2007.294337,1907.883529,1789.759218,1828.003981,1848.329209,1781.019614,1854.712919,1925.790543,1831.067118
Indonesia,IDN,"GNI per capita, Atlas method (current US$)",220,270,300,350,390,470,530,560,530,520,500,510,510,510,520,560,600,660,740,850,980,1080,1090,650,570,570,710,780,890,1070,1210,1360,1580,1920,2130,2510,2990,3550,3710,3600,3420,3400,3530,3850,4070,3900,4170,4580,4870
IDA only,IDX,"GNI per capita, Atlas method (current US$)",277.1357062,286.1819427,285.1922438,306.6594688,349.1148947,402.5123311,424.4022846,405.3089888,376.1076321,368.3647292,382.1924136,370.2968763,387.4711904,405.4330577,392.343393,396.985501,414.7497255,389.8780035,362.0125554,334.5365194,338.628952,335.9622518,346.3252838,346.0604906,348.009657,356.5801355,358.6490889,364.1756741,391.300358,444.2366609,498.8154725,545.1175023,612.0830928,709.8710116,778.4820619,840.8325493,893.8066035,936.9827212,980.6943425,1030.1565,1035.598382,1043.6211,1076.571925,1165.779818,1219.566651,1199.768624,1265.401639,1346.551692,1384.116254
Isle of Man,IMN,"GNI per capita, Atlas method (current US$)",,,,,,,,,,,,,,,,,,,,,,,17300,19110,21690,22280,22870,24130,28120,34540,40030,45010,47980,43660,46800,72450,74860,82390,87680,88570,83630,78710,77920,83460,84490,79300,76300,,
India,IND,"GNI per capita, Atlas method (current US$)",190,180,190,210,220,270,300,290,280,280,290,310,350,390,390,380,350,340,320,340,370,400,410,410,440,440,450,460,510,600,700,780,910,990,1110,1210,1360,1470,1500,1550,1590,1680,1800,1980,2080,1910,2180,2400,2540
Not classified,INX,"GNI per capita, Atlas method (current US$)",,,,,,,,,,,,,,,,,,,,,,,,,,,,,,,,,,,,,,,,,,,,,,,,,
Ireland,IRL,"GNI per capita, Atlas method (current US$)",3390,3280,3580,4120,5120,6380,6780,6390,5720,5610,5630,6370,8220,10420,11100,12560,13130,14440,14600,15480,16920,18880,20650,21430,22690,24130,24080,24920,29980,37840,44640,47950,50540,50940,46810,44990,42410,40820,43540,46530,50420,51740,53660,59490,63570,66010,76270,79730,80390
"Iran, Islamic Rep.",IRN,"GNI per capita, Atlas method (current US$)",1470,2000,2080,2030,2230,2160,2360,2960,3240,3120,3440,3630,3510,3010,2580,2560,,,,,1300,1630,1820,1800,1760,1770,1800,1890,2210,2510,2940,3450,4220,4890,5450,6110,6860,7490,7340,6740,5480,5470,5490,4880,3990,3270,3510,3980,4680
Iraq,IRQ,"GNI per capita, Atlas method (current US$)",1470,1900,2110,2600,3230,3910,3410,3010,2330,2510,2730,3020,3460,3650,3640,6970,70,50,40,60,120,370,720,880,1230,1520,1650,1340,800,1300,1490,1860,2460,3440,3980,4350,4710,5940,6590,6320,5460,5060,4400,4780,5470,4670,4690,5440,5600
Iceland,ISL,"GNI per capita, Atlas method (current US$)",7370,7840,8870,10690,12970,15190,15990,14860,12380,11710,11740,14020,18800,23100,23820,24410,24860,26080,25680,25250,25080,26790,28130,29070,30270,31730,30770,30750,33410,41650,51040,54890,63100,52430,43610,38020,39370,42510,49180,50210,52790,58720,62450,72600,75160,65870,67000,73930,79840
Israel,ISR,"GNI per capita, Atlas method (current US$)",5100,4980,4840,5060,5890,6380,7060,6930,6930,6850,6830,7440,8910,10930,11470,12730,13520,15110,15510,16450,17870,19270,19770,19510,19150,19990,19920,19130,19300,20670,22190,23040,24720,26900,28000,30350,32400,33110,35070,36640,36550,36840,38210,41520,43800,43120,49350,55140,55020
Italy,ITA,"GNI per capita, Atlas method (current US$)",4320,4510,4730,5270,6740,8430,8710,8220,7630,7760,8030,9380,12160,15950,17300,18660,20370,22960,21590,20860,20670,21830,22300,22220,21990,21910,21190,20770,23410,28360,32480,34280,35930,37980,37990,37960,37980,36220,35570,34910,33000,31970,31380,33850,34910,32440,36420,38370,38200
Jamaica,JAM,"GNI per capita, Atlas method (current US$)",1390,1390,1470,1430,1340,1230,1320,1370,1420,1150,940,970,1190,1500,1710,1790,1750,1630,1860,1900,2320,2550,2800,2930,3160,3290,3300,3320,3510,3740,3890,4180,4420,4680,4440,4520,4730,5130,5170,5070,4870,4770,4940,5230,5500,4900,5190,5760,6150
Jordan,JOR,"GNI per capita, Atlas method (current US$)",,,,1260,1660,1940,2180,2110,1860,1830,1760,1960,2190,2230,1600,1310,1120,1280,1320,1380,1460,1470,1490,1510,1560,1690,1760,1790,1920,2180,2370,2480,2640,3070,3440,3690,3910,4180,4240,4040,3860,3830,3920,4090,4180,4050,4210,4350,4460
Japan,JPN,"GNI per capita, Atlas method (current US$)",5230,5480,6020,7550,9570,11000,11300,10690,10360,10640,11690,14080,18370,25200,27480,28390,29070,31030,34090,37630,42840,43940,40760,35010,34320,36810,37380,35360,35660,39000,41280,40590,39310,39380,39230,43910,47470,50060,48850,44440,39380,38460,38930,41800,41970,40940,43670,42550,39030
Kazakhstan,KAZ,"GNI per capita, Atlas method (current US$)",,,,,,,,,,,,,,,,,,,1430,1310,1280,1340,1390,1390,1290,1270,1360,1530,1810,2300,2930,3860,4980,6110,6790,7440,8280,9940,11840,12080,11380,8770,8040,8070,8820,8710,8790,9610,10940
Kenya,KEN,"GNI per capita, Atlas method (current US$)",250,250,280,330,400,460,460,400,340,320,310,340,380,420,400,380,350,340,270,260,280,350,400,440,440,430,410,390,420,460,520,590,710,830,830,930,1010,1060,1130,1260,1330,1500,1550,1730,1890,1900,2080,2170,2110
Kyrgyz Republic,KGZ,"GNI per capita, Atlas method (current US$)",,,,,,,,,,,,,,,,,,520,450,370,360,390,390,360,300,280,280,290,340,400,450,500,610,760,860,850,880,1040,1190,1250,1180,1110,1110,1220,1270,1240,1280,1490,1700
Cambodia,KHM,"GNI per capita, Atlas method (current US$)",,,90,100,100,100,100,100,100,110,110,120,130,150,140,140,140,170,250,190,240,310,320,290,300,300,310,320,360,410,470,520,590,670,690,750,810,880,960,1020,1070,1160,1260,1420,1560,1530,1580,1690,1810
Kiribati,KIR,"GNI per capita, Atlas method (current US$)",,,,840,840,640,600,640,590,470,410,390,480,600,590,610,840,1020,1080,1180,1290,1200,1440,1530,1340,1370,1350,1210,1220,1430,1610,1710,1820,1870,1870,2050,2110,2650,3050,3270,3500,3000,3130,3260,3600,3060,3160,3320,3730
St. Kitts and Nevis,KNA,"GNI per capita, Atlas method (current US$)",,,,,1380,1670,1850,1940,2000,2230,2490,3040,3630,4320,4590,5170,5240,5680,6150,6650,7220,7580,7930,7650,8060,8850,9160,9150,9140,10330,11670,12560,13260,15860,15710,15790,16520,16790,18210,18560,18380,19350,20100,21580,23280,19010,18660,20670,21380
"Korea, Rep.",KOR,"GNI per capita, Atlas method (current US$)",660,810,970,1280,1680,1870,2030,2050,2170,2340,2480,2850,3530,4520,5380,6450,7570,8310,9010,10090,11820,13320,13550,10330,10430,11030,11950,12850,13790,16200,18520,20800,23440,23860,22040,22280,23580,25650,26970,28160,28720,29330,30290,32740,33830,33040,35180,36160,35490
Kuwait,KWT,"GNI per capita, Atlas method (current US$)",9200,13490,12610,14080,17710,18070,19600,17340,15960,15140,13540,15810,14730,13870,16650,16550,12560,16340,18790,18810,19910,19930,20860,19800,17530,19000,19710,19760,23240,29130,35760,42480,47530,51810,45410,43190,44130,49020,51300,50050,41040,34540,30870,32300,35240,32790,35990,40730,46140
Latin America & Caribbean (excluding high income),LAC,"GNI per capita, Atlas method (current US$)",,,,,,,,,,,,,,,4594.559956,2737.69378,2373.406815,2622.950124,2905.051285,3299.290287,3562.772193,3961.085183,4282.97873,4289.246521,4054.119435,4093.932417,3949.658006,3723.27636,3736.911743,4013.196924,4466.821845,5124.574524,5958.562744,6842.75105,6963.992227,7728.723097,8573.52237,9463.513802,9910.83184,9735.181301,8893.267708,8137.138647,8004.23901,8284.136661,8350.946263,7288.472945,7707.997948,8291.09773,9028.386764
Lao PDR,LAO,"GNI per capita, Atlas method (current US$)",,,,,,,,,,,,550,430,250,210,190,210,240,270,310,350,380,370,300,280,280,300,320,330,380,450,510,610,740,880,990,1130,1360,1600,1810,1970,2110,2240,2470,2520,2470,2510,2310,2120
Lebanon,LBN,"GNI per capita, Atlas method (current US$)",,,,,,,,,,,,,,,,1020,1350,1580,1880,2280,2820,3330,3560,3750,3960,4090,4060,3950,3690,4720,4940,4900,5360,5910,6680,7410,7800,8080,7970,7520,7440,7750,8330,8750,8650,6400,4970,4410,
Liberia,LBR,"GNI per capita, Atlas method (current US$)",370,410,440,470,520,530,520,460,450,410,410,390,390,410,430,250,250,160,100,80,80,100,170,180,170,190,210,250,180,210,250,280,310,370,410,440,500,540,620,630,630,620,630,620,610,580,630,690,730
Libya,LBY,"GNI per capita, Atlas method (current US$)",6930,8470,8140,8370,10100,11970,11030,10810,9390,8100,8590,7130,6580,6930,7050,6770,7600,7640,7090,6860,6270,6100,6000,5680,5150,6100,6280,5290,5240,5190,6780,8550,10510,12040,11150,11560,6230,14020,12590,9620,8830,8100,10310,11630,11240,5670,11220,10290,7570
St. Lucia,LCA,"GNI per capita, Atlas method (current US$)",,,,,,,,1470,1440,1580,1840,2380,2710,3200,3450,3620,3740,4260,4260,4340,4490,4690,4620,4810,5050,5460,5250,5280,5650,6300,6550,7210,7510,8160,8140,8240,8870,8970,9000,9010,8990,9670,10210,11010,11040,8500,9690,11500,12400
Latin America & Caribbean,LCN,"GNI per capita, Atlas method (current US$)",,,,,,,,,,,,,,,4422.555326,2761.46002,2448.106022,2707.205794,2976.300781,3342.810317,3623.005553,4013.129085,4343.945692,4349.778204,4145.49237,4213.605552,4098.622608,3854.096209,3849.460666,4167.669208,4659.020006,5353.882196,6236.412095,7178.159011,7337.97762,8134.927981,8956.305896,9887.607652,10306.99985,10197.03607,9225.751971,8484.464713,8370.047786,8706.106145,8808.281177,7708.831299,8200.436055,8827.083112,9566.21695
Least developed countries: UN classification,LDC,"GNI per capita, Atlas method (current US$)",,,267.687301,282.0139499,320.6191189,369.9796698,390.7138012,374.1668219,347.3599878,339.1044898,349.5340773,333.1271837,353.6247537,371.1481176,374.6294358,383.2162684,402.8321532,362.3289516,329.3925192,291.0701587,296.1446195,293.3240196,301.4692897,296.7142573,297.787267,308.1163473,312.9431485,322.960695,346.9558845,399.2339939,454.538329,504.1188212,576.1016444,668.019463,730.0633258,781.4483528,827.8790942,891.7149735,957.1097718,998.2378897,978.8908628,952.0680156,968.9072186,1046.974524,1104.387467,1084.171819,1141.784103,1228.327387,1272.9999
Low income,LIC,"GNI per capita, Atlas method (current US$)",,,,,,,,,,387.5746915,390.7367854,406.4850874,437.9361245,470.3185901,457.7807972,467.4576951,513.6289105,423.9273221,361.839616,316.1417715,300.5991354,272.7273006,269.2044242,259.6655311,255.2257502,262.7800439,271.9504117,285.5118788,307.986322,355.0066303,403.4176976,451.1155651,518.055365,597.7012289,652.4164351,687.9476827,701.269401,680.9170727,682.29554,703.0233629,686.4499529,660.1728534,642.0328477,649.1756033,672.3506938,653.8566815,673.5256808,718.0127809,769.2361347
Liechtenstein,LIE,"GNI per capita, Atlas method (current US$)",10330,11440,12700,15230,19140,23400,23410,20990,19300,19460,20100,23200,31500,41770,43770,45510,47570,54300,56640,61950,70040,78620,80300,77930,79020,79240,68600,65420,68800,79030,93020,104310,112410,122130,116600,,,,,,,,,,,,,,
Sri Lanka,LKA,"GNI per capita, Atlas method (current US$)",280,260,260,240,270,280,300,320,310,330,370,410,430,460,450,470,500,550,600,640,700,750,800,820,840,870,830,840,940,1060,1200,1350,1530,1760,1970,2380,2850,3370,3530,3730,3860,3980,4210,4360,4220,3880,4020,3620,3540
Lower middle income,LMC,"GNI per capita, Atlas method (current US$)",248.9572825,248.860593,255.2989093,282.8101824,317.7886821,375.9762299,405.6996131,395.9157152,378.2046725,374.214813,382.3017199,397.1885443,437.2103745,475.7526448,468.4330741,459.4663417,436.8899622,443.1169469,435.2476657,449.0403609,482.8270521,526.0502599,544.6705102,546.62739,564.2833774,574.8652547,583.1580332,585.4477111,633.9560592,727.3784039,823.058523,906.8216799,1033.795939,1159.80454,1273.001321,1382.045586,1508.264746,1663.605008,1764.447777,1851.237049,1872.261478,1900.758028,1945.964301,2088.742668,2171.861307,2056.46295,2256.78638,2450.897855,2513.117504
Low & middle income,LMY,"GNI per capita, Atlas method (current US$)",600.5058491,629.5268577,652.7318419,707.5734406,809.1661901,938.4568158,1024.268233,1006.691902,936.3028365,857.631332,854.6827881,883.2689685,936.4411836,981.8833304,964.8448005,798.77121,735.7995126,786.9952736,821.1373115,875.7981167,950.6865593,1052.343043,1123.177602,1101.76625,1092.274363,1130.605918,1136.06042,1143.589039,1233.039727,1418.326979,1633.171864,1867.675741,2184.377167,2543.937286,2763.951939,3095.456442,3451.826778,3890.419758,4195.758808,4353.680877,4300.104087,4256.514686,4348.495175,4645.963576,4858.928565,4682.72249,5155.555759,5536.136064,5763.817975
Lesotho,LSO,"GNI per capita, Atlas method (current US$)",220,260,290,320,380,420,490,580,510,460,380,370,390,470,490,520,550,620,640,660,680,700,690,620,620,590,650,600,680,810,1030,1140,1300,1290,1180,1260,1340,1480,1430,1320,1280,1230,1150,1240,1280,1170,1160,1220,1160
Late-demographic dividend,LTE,"GNI per capita, Atlas method (current US$)",900.9955555,903.6945015,958.4594296,1029.013764,1194.535975,1359.447262,1449.688102,1388.377675,1330.31979,1394.686507,1471.033776,1550.380087,1652.120139,1769.664083,1811.032798,1198.364671,1058.790422,1075.877311,1105.031306,1173.96903,1342.895666,1548.039554,1696.51491,1649.549426,1586.760386,1631.754924,1644.231063,1722.206558,1918.194153,2276.584303,2691.118036,3190.676927,3877.434767,4698.312441,5131.982601,5774.502602,6508.851429,7480.279091,8269.989318,8674.108797,8501.618892,8345.221651,8550.767332,9346.244127,10010.99955,9885.700311,10968.06821,11818.71633,12400.83445
Lithuania,LTU,"GNI per capita, Atlas method (current US$)",,,,,,,,,,,,,,,,,,,,,,,2600,2860,2980,3210,3450,3820,4700,6010,7560,8800,10600,12680,12460,12570,13320,14100,15340,16070,15190,14890,15280,17470,19090,19700,21850,23860,24820
Luxembourg,LUX,"GNI per capita, Atlas method (current US$)",7890,8470,9030,10600,12870,15390,15400,14850,13410,12990,13050,15520,19980,25870,28540,31330,35170,38990,40050,41330,45760,48560,49360,46350,46520,45690,45000,42520,46050,62680,73180,71370,85730,86000,70650,77640,79210,87950,85160,86760,73530,73730,75800,79770,79180,80980,87610,89200,88370
Latvia,LVA,"GNI per capita, Atlas method (current US$)",,,,,,,,,,,,,,,,,,,,,,,2720,2870,2990,3320,3600,3940,4670,5830,7390,8930,11230,13520,14120,12650,12740,13800,14850,15340,15110,14800,14870,16560,17580,17900,19910,21970,21970
"Macao SAR, China",MAC,"GNI per capita, Atlas method (current US$)",,,,,,,,,,4690,4530,5160,6440,7400,7970,8810,9750,12230,13910,15580,16950,17020,16890,15350,14390,14580,15720,16260,17750,22040,23670,25770,33430,32900,34990,43710,52570,58830,67640,70480,60760,62300,68110,74030,72820,44420,46530,43940,
St. Martin (French part),MAF,"GNI per capita, Atlas method (current US$)",,,,,,,,,,,,,,,,,,,,,,,,,,,,,,,,,,,,,,,,,,,,,,,,,
Morocco,MAR,"GNI per capita, Atlas method (current US$)",550,590,620,660,800,990,980,950,790,730,690,780,870,1090,1120,1170,1250,1290,1250,1370,1320,1540,1480,1530,1540,1570,1570,1540,1740,2050,2300,2490,2620,2970,3150,3190,3260,3230,3350,3320,3290,3140,3160,3380,3500,3260,3620,3670,3700
Monaco,MCO,"GNI per capita, Atlas method (current US$)",,,,,,,,,,,,,,,,,,,,,,,,,,,,,,,,,,,,,,,,,,,,,,,,,
Moldova,MDA,"GNI per capita, Atlas method (current US$)",,,,,,,,,,,,,,,,,,790,800,570,590,600,630,580,510,490,500,590,710,910,1120,1280,1440,1870,1950,2380,2730,3140,3620,3730,3290,3170,3300,3850,4490,4360,5270,5500,6110
Madagascar,MDG,"GNI per capita, Atlas method (current US$)",300,290,300,310,380,480,490,510,470,420,390,390,360,340,290,300,270,280,290,280,280,290,290,290,270,280,290,270,330,340,330,320,370,440,460,460,470,480,500,500,470,450,460,490,510,460,490,510,530
Maldives,MDV,"GNI per capita, Atlas method (current US$)",210,170,150,150,190,240,270,240,260,370,510,620,670,820,820,920,890,990,1090,1240,1530,1630,1730,1820,1940,2050,2230,2640,3460,3880,3650,4700,4560,5490,5480,5990,6690,6790,7040,7660,8070,8530,9120,9880,10400,6890,9350,10880,11030
Middle East & North Africa,MEA,"GNI per capita, Atlas method (current US$)",1253.164367,1672.686285,1773.999495,1892.796839,2326.522611,2731.488288,2962.201565,2910.605269,2706.792258,2620.819237,2629.933338,2698.986211,2697.567737,2649.269684,2530.452354,2761.965879,2231.259745,2352.479424,2308.204355,2345.747192,2410.180228,2575.518287,2710.942923,2698.843985,2675.001652,2874.7571,2968.32234,2922.973978,3129.290251,3594.040749,4095.188056,4681.554394,5370.140734,6226.919291,6416.441715,6852.122722,7327.608866,8258.569553,8672.515182,8628.79306,7978.759726,7584.89613,7236.399276,7447.114926,7558.913463,6963.852803,7531.447534,8412.30529,8731.838035
Mexico,MEX,"GNI per capita, Atlas method (current US$)",1480,1560,1490,1600,1900,2560,3300,3030,2410,2220,2300,2100,2090,2140,2430,2860,3330,3860,4700,5600,5160,4950,4980,5380,5900,6620,7150,7540,7820,8280,8520,9170,9760,10330,9310,9560,9850,10590,10810,11050,10660,9800,9310,9610,9930,8960,9920,10810,12100
Marshall Islands,MHL,"GNI per capita, Atlas method (current US$)",830,830,860,960,1070,1080,1190,1220,1360,1420,1350,1740,2000,2200,2100,2140,2170,2410,2590,2770,3060,2640,2470,2520,2620,2750,2910,2930,3030,3230,3450,3400,3580,3490,3610,3710,3780,3800,4280,4500,4910,4980,5220,5940,6640,6480,6520,7270,7570
Middle income,MIC,"GNI per capita, Atlas method (current US$)",622.7176585,652.5093104,676.6393802,733.53602,839.7698844,973.5925277,1063.710131,1046.338865,973.2088069,891.33291,888.1689174,917.8703442,972.8261516,1019.43581,1002.30237,826.1462545,757.4522292,816.3476267,858.0261934,920.8328013,1003.40625,1116.013838,1193.648267,1172.05861,1163.031562,1204.842895,1210.956424,1219.25432,1316.010106,1515.196374,1746.976102,2001.042348,2344.008749,2733.477933,2973.040396,3337.481655,3732.327954,4222.063277,4563.224513,4740.223499,4687.781606,4647.966525,4758.053409,5094.649228,5337.222642,5151.438852,5686.356783,6118.05761,6379.050653
North Macedonia,MKD,"GNI per capita, Atlas method (current US$)",,,,,,,,,,,,,,,,,,1720,1450,1400,1790,2180,2220,2010,1910,1920,1820,1850,2120,2610,3070,3430,3730,4540,4860,5010,5140,5090,5400,5630,5550,5440,5390,6050,6520,6460,7050,7500,7660
Mali,MLI,"GNI per capita, Atlas method (current US$)",120,140,160,170,210,240,230,190,170,160,180,200,230,280,280,270,310,310,310,270,260,260,270,270,280,280,290,280,340,390,450,480,520,590,640,670,710,710,750,780,770,750,730,800,820,790,820,850,860
Malta,MLT,"GNI per capita, Atlas method (current US$)",1990,2120,2320,2660,3300,4280,4670,4550,3940,3830,3690,4000,4930,6260,6910,7600,7940,8720,8570,8600,9250,10010,10530,10260,10710,11400,10950,10710,12170,14100,15660,16350,17580,20410,20310,21370,22120,22160,23370,24560,25230,23440,24660,27610,29350,26480,30830,33330,34240
Myanmar,MMR,"GNI per capita, Atlas method (current US$)",40,40,40,30,30,40,40,40,40,40,40,40,40,40,50,50,50,60,70,80,110,130,130,130,150,190,190,170,190,230,280,300,360,490,660,870,1030,1160,1250,1250,1220,1220,1220,1300,1370,1310,1230,1280,1210
Middle East & North Africa (excluding high income),MNA,"GNI per capita, Atlas method (current US$)",921.5416548,1141.044611,1186.068883,1270.737743,1487.329106,1675.260116,1716.837766,1838.656114,1798.589705,1777.825473,1910.103408,1990.006419,2050.979477,1960.22291,1793.79871,2007.263463,1205.740193,1226.832603,1198.547513,1245.173611,1239.382712,1352.887091,1438.272479,1470.975337,1507.939044,1595.512714,1640.032492,1599.004847,1661.081495,1877.724434,2126.570639,2411.811315,2816.295315,3308.897259,3614.465987,3937.285167,4107.63962,4600.414516,4688.821503,4535.164901,4094.39066,3993.22572,3827.633419,3733.697371,3597.79646,3205.420957,3513.977012,3874.889381,3968.050991
Montenegro,MNE,"GNI per capita, Atlas method (current US$)",,,,,,,,,,,,,,,,,,,,,,,,,,1510,1710,1970,2440,3100,3660,4320,5120,6470,6740,6920,7260,7000,7330,7320,7260,7090,7410,8450,9140,7900,9370,10480,11500
Mongolia,MNG,"GNI per capita, Atlas method (current US$)",,,,,,,,,1440,1320,1230,1350,1530,1710,1610,1450,1210,810,510,420,460,540,570,510,470,460,470,520,600,750,880,1110,1400,1800,1790,2010,2610,3690,4390,4270,3850,3520,3250,3700,3840,3720,3730,4260,4950
Northern Mariana Islands,MNP,"GNI per capita, Atlas method (current US$)",,,,,,,,,,,,,,,,,,,,,,,,,,,,,,,,,,,,,,,,,,,,,,,,,
Mozambique,MOZ,"GNI per capita, Atlas method (current US$)",,,,,,,,,,,,,,,,,,,230,210,200,220,260,300,340,330,340,310,340,380,420,450,480,530,570,550,570,620,690,710,660,550,470,470,490,470,490,490,530
Mauritania,MRT,"GNI per capita, Atlas method (current US$)",530,550,570,580,650,730,740,680,650,620,590,620,680,750,770,740,820,910,950,850,870,950,850,810,800,710,640,640,710,800,940,1150,1240,1400,1480,1540,1630,1790,1890,1790,1690,1560,1570,1710,1750,1760,1860,2080,2150
Mauritius,MUS,"GNI per capita, Atlas method (current US$)",790,970,960,1030,1240,1260,1290,1200,1080,1040,1080,1260,1640,2090,2250,2460,2650,3030,3160,3280,3520,3840,3950,3830,3710,3960,4030,4010,4470,5240,5670,6050,6580,7480,7830,8150,8400,9550,10090,10460,10410,10270,10560,11910,12440,10220,10280,10500,11530
Malawi,MWI,"GNI per capita, Atlas method (current US$)",,,,,,,,270,250,250,240,230,230,240,240,270,310,290,310,230,240,250,290,290,260,230,210,250,320,440,430,450,480,530,590,650,710,660,590,540,510,500,480,500,550,570,610,640,640
Malaysia,MYS,"GNI per capita, Atlas method (current US$)",900,960,1020,1180,1510,1870,2010,1930,1870,2020,1980,1920,2020,2210,2330,2470,2630,2950,3310,3670,4120,4570,4690,3690,3430,3490,3570,3800,4160,4710,5230,5770,6540,7400,7470,8110,8890,9980,10600,10870,10400,9880,9680,10360,10960,10320,10740,11830,11970
North America,NAC,"GNI per capita, Atlas method (current US$)",8462.501764,8945.606754,9549.66369,10666.64857,12047.34177,13214.63277,14172.82676,13993.91681,14336.85917,15909.7934,17121.11082,18665.13616,20898.57362,23017.13135,23384.15509,23725.45739,23950.76313,25260.97456,25885.08398,26991.13384,28233.85534,29343.01394,30301.58524,30944.28058,32485.97242,34675.08941,35386.34561,35979.07984,38372.44576,42157.27652,45034.39276,46883.32246,47849.74519,48711.75349,47456.69228,48732.13119,50329.75856,52537.08737,53763.63013,55332.30123,55621.44453,55743.95554,57501.04378,61507.42736,64188.83773,62555.8974,69010.0041,74168.14906,77494.10167
Namibia,NAM,"GNI per capita, Atlas method (current US$)",,,,,,,,2180,2010,1830,1450,1470,1770,1870,2000,2090,2240,2390,2270,2320,2500,2530,2510,2370,2220,2210,2060,1970,2240,2850,3490,4000,4220,4330,4280,4540,5190,5800,6020,5870,5380,4810,4700,5000,5270,4650,4600,4840,4870
New Caledonia,NCL,"GNI per capita, Atlas method (current US$)",6400,6440,6580,6980,6900,7980,7940,7160,5920,5480,5510,6170,8070,13270,14540,14760,15200,16070,15880,16320,17720,18240,17810,14520,13650,13210,,,,,,,,,,,,,,,,,,,37170,36580,37370,,
Niger,NER,"GNI per capita, Atlas method (current US$)",220,210,230,280,340,390,380,340,280,210,210,240,260,310,310,320,350,410,370,290,260,230,230,240,230,220,220,220,240,280,330,350,380,440,470,510,520,540,570,580,550,520,510,570,590,550,590,580,600
Nigeria,NGA,"GNI per capita, Atlas method (current US$)",,,,,,,,,,,,,,,,,,,,,,,,,,,,,,,,,,1950,2030,2130,2180,2450,2700,2970,2860,2460,2090,2020,2110,2110,2160,2160,1930
Nicaragua,NIC,"GNI per capita, Atlas method (current US$)",,,,,,,,,,,,,,410,230,210,230,250,310,460,630,860,870,870,910,950,960,960,990,1080,1160,1200,1280,1390,1380,1460,1560,1660,1730,1810,1870,1930,2000,1940,1880,1760,1970,2090,2270
Netherlands,NLD,"GNI per capita, Atlas method (current US$)",7470,8170,8910,10240,12500,14520,13710,12090,10840,10510,10120,11450,14410,18190,19130,19900,20830,23030,23540,24850,27110,29250,29400,27830,28150,28160,26840,26390,30290,36630,41960,45270,48620,51670,52310,53430,53650,51500,51900,51600,49300,46480,46270,50540,51930,50170,58170,60230,60670
Norway,NOR,"GNI per capita, Atlas method (current US$)",8380,9150,9960,11110,13110,15650,16410,15750,14930,15140,15710,17550,20830,23970,25080,26500,27820,30780,30210,30850,32690,35790,37910,36110,35570,36600,38280,39930,44830,54290,64050,70300,78750,87850,88130,88940,90920,99750,104830,105070,93440,81870,76230,80970,82430,78610,83370,96770,102460
Nepal,NPL,"GNI per capita, Atlas method (current US$)",110,110,110,110,120,130,150,150,140,150,160,160,170,200,200,200,200,190,190,190,200,210,210,200,210,220,230,230,250,280,300,330,370,430,480,540,630,760,840,860,870,860,970,1110,1220,1180,1230,1340,1370
Nauru,NRU,"GNI per capita, Atlas method (current US$)",6880,7010,6770,6850,7330,7850,8100,8010,7470,6970,6360,6060,5910,6110,6280,6590,5840,5430,5000,4940,4630,4170,4010,3490,3230,2990,2740,2430,2580,3000,3240,3310,3190,4720,4620,4990,6880,9490,11140,12310,11970,11390,10960,12260,15130,16240,18220,20920,22090
New Zealand,NZL,"GNI per capita, Atlas method (current US$)",4970,4650,4550,5230,6530,7670,8240,7860,7370,7010,6950,7860,10010,12550,13570,13640,12160,12050,12360,13400,15280,16730,17170,15790,15040,14070,13800,14170,16990,21530,25450,26380,28150,28610,29690,29670,32220,36710,39950,41680,40650,39440,38810,41650,43050,41660,45520,48530,48610
OECD members,OED,"GNI per capita, Atlas method (current US$)",5181.709779,5469.107176,5842.384479,6650.512817,7946.606656,9158.485327,9529.699764,9043.345728,8643.489401,8946.902841,9370.242886,10499.73758,12555.58528,15245.53297,16073.74404,16829.94052,17463.20018,18923.74401,19410.78501,20369.39578,21645.84328,22625.26587,22721.41243,21912.79921,22185.15541,23148.84769,23115.75615,22976.51002,24709.85862,28174.52315,31014.68854,32514.38255,33763.35059,35201.0564,34579.09365,35533.58566,36655.57,37759.64026,38401.97804,38515.57339,37386.41718,36518.41813,36698.84243,39113.58812,40406.64959,38836.90549,42779.87628,45229.47489,46071.17315
Oman,OMN,"GNI per capita, Atlas method (current US$)",1700,3110,3070,3000,3480,4490,6210,7040,6960,7110,7270,6420,5690,5380,5760,5730,6030,6500,6280,6200,6360,6550,6820,6450,6210,6840,7600,7770,8140,9320,10670,12760,14840,18090,18920,19540,18870,22030,23030,22020,20520,18520,16620,17250,17820,17090,17960,20020,21540
Other small states,OSS,"GNI per capita, Atlas method (current US$)",,,,,,,,,,,,,,,3190.057512,3428.19127,3580.889947,3964.303088,4035.127152,4112.415572,4396.431817,4698.266773,4817.770724,4821.606394,4739.313387,5050.38298,5121.759136,5240.565467,5888.897449,7079.668236,8399.99592,9337.142763,10476.31455,11402.22678,10943.25798,10997.02854,11475.75788,12230.61219,12737.76487,12664.67118,12285.85915,11933.76161,12121.78431,13339.78281,14181.40339,13084.02626,14080.151,15190.72704,15754.60738
Pakistan,PAK,"GNI per capita, Atlas method (current US$)",160,180,200,230,270,310,340,350,330,330,330,340,350,380,380,370,370,400,410,410,440,450,440,410,410,470,530,600,640,740,840,900,950,1020,1040,1020,1050,1140,1240,1280,1320,1400,1490,1610,1570,1420,1470,1570,1500
Panama,PAN,"GNI per capita, Atlas method (current US$)",1380,1360,1570,1810,2040,2280,2500,2660,2570,2600,2870,2940,3290,2770,2580,2660,2750,3040,3260,3440,3440,3600,3640,3710,3790,3920,3860,3970,4070,4500,4820,5130,5810,6580,6940,7290,8590,9580,10670,11220,12240,12810,13770,14820,15340,12930,14930,17050,18010
Peru,PER,"GNI per capita, Atlas method (current US$)",,,,,,,,2380,1020,760,790,960,1230,1010,910,840,1210,1410,1550,1750,1940,2140,2270,2140,2020,1960,1880,1940,2060,2260,2520,2780,3180,3760,3940,4380,4930,5740,6360,6470,6290,6070,6030,6430,6770,5990,6440,6810,6990
Philippines,PHL,"GNI per capita, Atlas method (current US$)",420,470,490,550,660,770,840,830,760,650,590,620,680,750,800,830,830,890,940,1060,1170,1330,1400,1320,1250,1180,1170,1130,1170,1290,1380,1490,1710,2000,2160,2360,2500,2840,3140,3300,3350,3410,3480,3640,3770,3350,3550,3950,4230
Palau,PLW,"GNI per capita, Atlas method (current US$)",1790,1850,1990,2200,2530,2860,3020,3020,3100,3430,3860,4490,5280,6040,6490,7010,7570,7370,6560,7120,8000,8740,8690,8540,8050,6670,7300,7600,7650,8330,9050,9430,9960,9950,9970,10100,10840,11180,11580,12680,14350,15040,15600,16170,16320,15180,13460,13570,14250
Papua New Guinea,PNG,"GNI per capita, Atlas method (current US$)",550,530,540,640,740,820,830,760,710,710,720,760,820,950,960,890,930,980,1130,1170,1060,1040,930,780,680,600,530,490,480,540,650,790,1050,1370,1470,1670,1740,2160,2360,2810,2540,2430,2330,2330,2430,2420,2430,2700,2840
Poland,POL,"GNI per capita, Atlas method (current US$)",,,,,,,,,,,,,,,,,,2080,2480,2760,3250,3840,4240,4360,4440,4670,4710,4900,5500,6260,7330,8420,9930,11940,12490,12670,12810,13090,13230,13470,13250,12660,12690,14180,15330,15300,16910,18960,19730
Pre-demographic dividend,PRE,"GNI per capita, Atlas method (current US$)",,,,,,,,,,,,,,,,,,,,,,,,,,,,,,,,,,1186.380687,1258.199507,1317.081851,1364.804118,1524.030318,1654.974866,1748.527314,1640.09797,1461.892794,1314.721151,1340.779056,1418.272186,1356.232246,1393.676769,1468.57596,1463.630035
Puerto Rico,PRI,"GNI per capita, Atlas method (current US$)",2660,2650,2740,2980,3390,3720,3890,3770,3670,3970,4280,4750,5350,5860,6050,5950,6300,6760,7100,7370,7820,8130,8510,8690,9590,10550,10950,11250,12170,14260,14750,15030,15860,16360,16580,16920,17670,18680,19170,19280,19420,19710,20000,21010,22040,21200,22580,24760,25240
"Korea, Dem. People's Rep.",PRK,"GNI per capita, Atlas method (current US$)",,,,,,,,,,,,,,,,,,,,,,,,,,,,,,,,,,,,,,,,,,,,,,,,,
Portugal,PRT,"GNI per capita, Atlas method (current US$)",2210,2330,2430,2530,2870,3350,3420,3230,2830,2520,2530,3080,4160,5630,6320,7130,8180,9860,10100,10450,11210,12100,12370,12190,12260,12180,11850,11780,13290,16190,18600,19410,20860,22640,22990,23030,22770,21170,21380,21200,20460,19940,20060,22060,23200,21850,23960,25950,26270
Paraguay,PRY,"GNI per capita, Atlas method (current US$)",590,640,720,860,1110,1490,1790,1710,1600,1440,1180,1060,1040,1150,1180,1240,1310,1490,1680,1610,1740,1910,1910,1790,1660,1500,1470,1390,1290,1430,1620,1970,2490,3300,3720,4390,4820,5150,5950,6260,6090,5860,5800,6040,5940,5540,5730,5900,6200
West Bank and Gaza,PSE,"GNI per capita, Atlas method (current US$)",,,,,,,,,,,,,,,,,,,,,,1470,1630,1780,1800,1550,1370,1190,1370,1640,1780,1710,1790,2040,2250,2510,2880,3210,3470,3560,3670,3900,3930,4190,4270,3700,4270,4720,4220
Pacific island small states,PSS,"GNI per capita, Atlas method (current US$)",888.6172306,949.1203891,979.5310623,1029.295863,1218.035485,1324.557762,1419.450982,1288.358253,1176.544106,1200.426763,1161.181166,1272.381424,1281.891925,1347.321023,1362.711767,1399.120214,1413.656653,1548.785972,1620.697603,1723.374163,1914.837353,2063.017532,2024.266906,1890.041976,1880.607937,1781.884289,1729.200728,1693.138071,1827.567384,2153.735259,2476.635814,2550.529198,2687.484939,2871.531267,2867.806218,2878.541745,3022.56729,3251.96924,3610.81235,3746.185886,3789.715937,3837.936426,3902.601393,4209.337018,4342.644887,3887.049487,3801.045517,4159.776197,4298.059141
Post-demographic dividend,PST,"GNI per capita, Atlas method (current US$)",5567.236804,5889.872445,6318.843478,7218.648079,8640.60967,9960.17905,10337.79134,9856.889503,9487.702664,9879.439203,10376.65068,11696.89244,14052.46955,17141.33799,18093.76483,18923.77909,19622.07425,21261.60366,21752.52999,22834.00802,24375.64413,25545.00007,25681.33419,24715.50013,25038.69943,26094.37118,26107.80955,25955.52373,27991.96019,31985.77861,35226.45155,36889.58104,38232.04519,39815.64849,39211.0794,40353.16424,41683.80411,42913.27467,43654.84033,43791.12849,42553.39119,41758.47009,42161.9529,45103.82248,46753.11648,45070.43697,49746.36744,52761.8199,53646.50918
French Polynesia,PYF,"GNI per capita, Atlas method (current US$)",4790,5250,5530,6340,7490,8470,8480,7710,7050,7050,7170,9410,11930,13870,14290,14670,15540,20700,20380,20390,21290,22020,21050,19670,18980,18560,,,,,,,,,,,,,,,,,,,,,,,
Qatar,QAT,"GNI per capita, Atlas method (current US$)",9720,14110,12510,15040,18480,25300,29380,27540,23140,21060,19160,18380,16760,16430,16640,16980,16210,17840,16350,15820,16040,17000,21460,19840,19020,19590,23060,25520,27950,35010,39010,51190,57400,65230,62950,68920,75540,83990,91130,89830,78040,66030,57190,59150,61750,58440,62400,70070,
Romania,ROU,"GNI per capita, Atlas method (current US$)",,,,,,,,,,,,,,,,,,1240,1190,1270,1490,1640,1590,1580,1610,1710,1760,1950,2250,2960,3880,4900,6510,8800,9220,8710,9010,9200,9390,9760,9610,9460,10030,11520,12670,12710,14190,15490,16670
Russian Federation,RUS,"GNI per capita, Atlas method (current US$)",,,,,,,,,,,,,,,,,3440,3090,2920,2650,2640,2600,2650,2130,1750,1710,1780,2100,2590,3410,4450,5810,7560,9580,9230,9980,11060,13470,15160,14590,11740,9680,9160,10180,11190,10660,11720,12810,14250
Rwanda,RWA,"GNI per capita, Atlas method (current US$)",100,130,160,180,220,260,280,260,250,240,250,290,320,360,360,350,300,300,250,130,220,200,220,230,260,270,270,260,250,270,310,350,400,480,540,590,640,690,710,720,730,730,720,770,810,760,840,930,980
South Asia,SAS,"GNI per capita, Atlas method (current US$)",185.7716564,180.0260264,183.0846126,201.8689538,220.5647786,265.0930147,291.230382,285.4249912,279.3438812,277.3665184,286.8011725,306.102153,340.7837323,378.2913608,375.5326551,372.0534431,344.8961363,346.5549726,332.1820083,345.686005,370.6808944,401.6909528,409.4529053,410.5239137,430.3792966,442.1208347,455.1967217,466.9587703,519.08905,605.5636359,695.1017579,768.0951494,876.6252822,955.6552274,1057.913497,1147.06194,1271.794544,1383.495771,1431.088825,1475.978763,1520.678037,1617.748131,1744.440499,1928.237075,2014.195062,1866.41819,2097.741302,2288.178269,2388.131069
Saudi Arabia,SAU,"GNI per capita, Atlas method (current US$)",4400,7410,8210,8430,11090,14000,16410,14150,11710,10570,9170,9350,7890,7810,7220,7710,8630,8740,8090,7700,7740,8000,8150,7820,7390,7800,8070,8000,9110,10740,12360,13820,15290,17660,17020,17730,19930,23200,24700,25060,23530,21510,20220,22030,23260,22480,24140,27500,28690
Sudan,SDN,"GNI per capita, Atlas method (current US$)",300,350,380,390,420,470,490,460,390,350,330,390,470,540,660,780,1070,530,380,320,410,410,410,360,350,350,390,440,540,640,790,960,1200,1410,1370,1280,1300,1170,1110,1190,1240,1200,1060,860,760,630,650,760,990
Senegal,SEN,"GNI per capita, Atlas method (current US$)",550,590,580,570,700,820,820,750,590,550,550,640,820,950,940,920,930,980,940,770,740,710,710,700,690,670,660,630,730,880,1000,1040,1110,1260,1340,1350,1320,1330,1360,1390,1330,1300,1300,1420,1460,1470,1560,1620,1660
Singapore,SGP,"GNI per capita, Atlas method (current US$)",2660,2930,3020,3370,3990,4730,5380,5680,6170,6930,7100,7330,8080,9320,10320,11450,12970,15270,17710,20780,23630,25610,27730,24010,23360,23680,22130,22000,23440,26170,28830,32550,36010,37230,37320,44930,48250,51710,54470,56380,53160,53310,54920,56550,58810,55290,64970,66970,70590
Solomon Islands,SLB,"GNI per capita, Atlas method (current US$)",,,,,,,,750,700,660,600,560,580,580,570,610,640,770,820,960,1150,1260,1250,1180,1110,940,890,800,880,990,1140,1180,1250,1360,1430,1580,1690,1840,2130,2160,2100,2110,2150,2320,2390,2340,2310,2290,2270
Sierra Leone,SLE,"GNI per capita, Atlas method (current US$)",250,220,210,240,310,370,360,360,300,300,240,180,180,180,210,190,170,130,160,160,180,200,190,170,150,140,150,200,260,270,290,260,370,420,440,420,440,460,650,680,550,540,520,510,520,490,510,600,560
El Salvador,SLV,"GNI per capita, Atlas method (current US$)",490,540,620,720,790,750,760,720,690,710,730,760,820,860,850,880,910,1030,1140,1260,1450,1560,1660,1720,1790,1880,1930,1990,2110,2270,2420,2590,2710,2900,2850,2910,3100,3250,3390,3450,3490,3570,3670,3900,4090,3760,4340,4670,4920
San Marino,SMR,"GNI per capita, Atlas method (current US$)",,,,,,,,,,,,,,,,,,,,,,,,,,,,,,,,,,,,,,,,,,,39740,42250,44390,41450,47120,,
Somalia,SOM,"GNI per capita, Atlas method (current US$)",170,180,170,150,110,110,120,130,110,110,130,130,150,160,170,160,140,120,130,130,190,230,240,280,330,370,320,280,270,320,400,460,490,520,390,300,250,270,310,410,500,510,540,550,570,540,580,600,610
Serbia,SRB,"GNI per capita, Atlas method (current US$)",,,,,,,,,,,,,,,,,,,,,,,2990,2990,2610,1610,1540,1520,2390,3250,3790,4130,4830,6030,6450,6220,6190,6080,6460,6240,5960,5700,5570,6410,7040,7440,8470,9300,10030
Sub-Saharan Africa (excluding high income),SSA,"GNI per capita, Atlas method (current US$)",,,,,,,,,,,,,,,,,,,770.3498471,714.8271259,736.9570664,742.3120437,753.3196297,705.3654541,685.238644,670.1375524,643.9469441,630.5644759,686.6332231,832.3614446,1028.471711,1152.911084,1268.058857,1380.824319,1417.588164,1480.202393,1568.003973,1698.822994,1778.612109,1833.612528,1730.085017,1558.051879,1459.515756,1509.921512,1574.136274,1515.968241,1580.493719,1644.527086,1640.795824
South Sudan,SSD,"GNI per capita, Atlas method (current US$)",,,,,,,,,,,,,,,,,,,,,,,,,,,,,,,,,,,,,770,800,1090,1170,1040,,,,,,,,
Sub-Saharan Africa,SSF,"GNI per capita, Atlas method (current US$)",,,,,,,,,,,,,,,,,,,771.2128328,715.7240636,737.8332612,743.2623616,754.334141,706.3223825,686.2156091,671.1482271,644.9292345,631.4724349,687.579702,833.4915288,1029.779307,1154.379569,1269.36943,1381.884931,1418.495394,1481.088287,1568.930254,1699.853168,1779.608089,1834.683752,1731.291153,1559.337443,1460.842175,1511.348343,1575.626905,1517.155341,1581.617436,1645.848839,1642.271365
Small states,SST,"GNI per capita, Atlas method (current US$)",,,,,,1935.745819,2102.65549,2068.937144,1952.775572,1990.051713,1979.131057,2155.313676,2530.476167,2936.735347,3029.468693,3166.305411,3263.086069,3568.690921,3638.787454,3736.603541,4041.769657,4337.978043,4408.244706,4470.2698,4560.896762,4837.194683,4878.785987,4984.530988,5510.765793,6480.843087,7534.400601,8290.754223,9231.732894,10055.26483,9720.870145,9774.895574,10149.63779,10783.46296,11203.3052,11195.26956,10931.33784,10658.38475,10828.64653,11801.08462,12470.03633,11414.47618,12287.56985,13527.94324,14242.72736
Sao Tome and Principe,STP,"GNI per capita, Atlas method (current US$)",880,760,750,690,780,870,830,830,740,680,760,760,920,1000,910,840,820,800,790,840,840,850,710,590,510,480,510,520,600,690,800,910,940,990,1070,1090,1130,1170,1320,1430,1390,1420,1430,1660,1800,2010,2210,2420,2480
Suriname,SUR,"GNI per capita, Atlas method (current US$)",1210,1300,1520,1810,2070,2200,2530,2400,2210,2230,2260,2340,2420,2890,2170,1400,1130,1040,990,1120,1350,1640,1840,2050,1930,1940,1630,1870,2130,2730,3210,3910,4890,6130,6740,7380,7680,8290,8690,8990,8640,6740,5770,5790,6020,4500,4490,4970,5360
Slovak Republic,SVK,"GNI per capita, Atlas method (current US$)",,,,,,,,,,,,,,,,,,2360,2960,3480,4220,5020,5420,5430,5380,5540,5730,6040,6980,9060,11370,12950,14940,17290,17150,17620,17590,17830,18270,18340,17760,16840,16670,18400,19200,19250,20650,22080,22790
Slovenia,SVN,"GNI per capita, Atlas method (current US$)",,,,,,,,,,,,,,,,,,7120,6890,7610,9400,10530,11240,11000,11320,11270,10950,10920,12630,15610,18310,19820,21800,24660,24450,24620,24630,23260,23240,23620,22270,21790,22140,24650,26060,25480,28370,29590,30620
Sweden,SWE,"GNI per capita, Atlas method (current US$)",10160,10720,11290,12460,14790,17300,17530,15760,13550,13020,13080,15330,19360,24190,26090,27760,29110,31340,28200,27690,28070,30400,31390,31110,31300,31610,29720,29090,32750,39790,45770,49150,52310,55720,52640,54630,56700,59090,61800,61870,58440,54390,53050,55700,56470,54810,60860,63900,61650
Eswatini,SWZ,"GNI per capita, Atlas method (current US$)",,,,,,,,,,,,,,,,1250,1290,1470,1470,1490,1770,1870,1900,1690,1690,1630,1660,1520,1640,2080,2970,3170,3350,3240,3210,3350,3740,4190,4290,4020,3700,3370,3310,3550,3600,3370,3770,4400,3860
Sint Maarten (Dutch part),SXM,"GNI per capita, Atlas method (current US$)",,,,,,,,,,,,,,,,,,,,,,,,,,,,,,,,,,,,,,,26830,28820,30780,34580,33280,31760,34690,29920,32320,36960,
Seychelles,SYC,"GNI per capita, Atlas method (current US$)",870,910,870,1170,1760,2150,2460,2460,2340,2380,2640,2930,3440,4250,4820,5370,5550,6400,6850,6900,6910,7430,7940,7520,7630,7920,7860,7330,8000,9870,11850,13380,12890,11520,10310,10160,11150,12540,12350,13340,14750,15630,16180,17620,18700,15400,14950,15000,16940
Syrian Arab Republic,SYR,"GNI per capita, Atlas method (current US$)",890,1020,980,1100,1180,1480,1640,1640,1620,1520,1610,1380,1180,1140,810,820,910,1030,1010,900,850,830,830,880,840,910,1000,1080,1170,1300,1400,1530,1680,1960,2270,2500,2610,1990,1280,1080,910,760,730,820,980,780,560,,
Turks and Caicos Islands,TCA,"GNI per capita, Atlas method (current US$)",,,,,,,,,,,,,,,,,,,,,,,,,,,,,,,,,,,,,,,,22050,23420,24990,24900,26600,26980,19060,21520,24300,26570
Chad,TCD,"GNI per capita, Atlas method (current US$)",230,220,230,250,220,250,240,210,190,180,210,210,220,270,280,270,300,330,250,230,210,200,210,220,200,180,190,200,220,340,470,540,640,700,840,910,890,960,970,970,880,730,640,670,690,660,660,680,710
East Asia & Pacific (IDA & IBRD countries),TEA,"GNI per capita, Atlas method (current US$)",221.2749997,216.8911634,230.2113286,244.2695871,269.6958098,298.2666808,315.6514868,315.2612513,311.0302179,328.9054532,351.3667601,373.1589602,390.1117385,410.2234254,412.4961974,428.1418566,458.5059015,509.2114004,553.0552023,620.3210528,713.7943954,830.5445208,899.1815044,842.603097,865.3181353,921.8155267,993.2703173,1074.500006,1220.969209,1435.887949,1653.580332,1913.167908,2295.331804,2796.358091,3248.588182,3798.055655,4390.276953,5130.919863,5763.512757,6266.129448,6518.599522,6727.007275,7069.597441,7757.576787,8351.051555,8424.806457,9444.008406,10180.37548,10562.6145
Europe & Central Asia (IDA & IBRD countries),TEC,"GNI per capita, Atlas method (current US$)",,,,,,,,,,,,,,,,,2304.234575,2184.373097,2121.599125,1941.380753,2036.925235,2113.966134,2221.438431,2093.795775,1978.828261,2072.332611,2003.330267,2166.338394,2534.29655,3246.312524,4109.350187,5023.392295,6195.462196,7545.387659,7510.253451,7970.431397,8568.131847,9679.406646,10545.57781,10476.55204,9269.770801,8193.460406,7931.221288,8456.101238,8912.496783,8618.299046,9472.848829,10382.49823,11375.55636
Togo,TGO,"GNI per capita, Atlas method (current US$)",360,360,400,450,470,570,540,430,340,320,320,350,430,540,550,550,550,570,480,440,430,430,490,450,440,430,410,420,480,540,560,570,580,650,730,760,820,810,850,870,860,820,790,860,880,890,940,1000,1030
Thailand,THA,"GNI per capita, Atlas method (current US$)",400,430,470,540,630,740,780,790,790,820,820,860,980,1190,1350,1520,1690,1920,2150,2410,2740,2950,2670,2080,1980,1980,1960,1980,2170,2520,2780,3080,3490,3920,4080,4510,4860,5420,5610,5640,5580,5570,5820,6450,7080,6910,7100,7240,7180
Tajikistan,TJK,"GNI per capita, Atlas method (current US$)",,,,,,,,,,,,,,,,,,340,290,210,210,170,160,170,180,170,160,170,210,260,370,460,570,740,790,910,1010,1140,1310,1340,1250,1110,1020,1020,1070,1050,1160,1390,1440
Turkmenistan,TKM,"GNI per capita, Atlas method (current US$)",,,,,,,,,,,,,,,,970,840,720,770,680,600,610,550,560,610,590,640,730,960,1270,1550,1830,2250,2940,3430,3930,4560,5370,6280,6950,6790,6590,6160,6500,7130,,,,
Latin America & the Caribbean (IDA & IBRD countries),TLA,"GNI per capita, Atlas method (current US$)",,,,,,,,,,,,,,,4437.354675,2726.152528,2408.149399,2676.899949,2957.734369,3326.578459,3600.031242,3994.488619,4337.274454,4345.702244,4120.786298,4177.335945,4052.816875,3798.058235,3780.459397,4083.214876,4575.166319,5277.295548,6171.366767,7128.186893,7291.763799,8106.061144,8936.181535,9877.462409,10295.63965,10178.89145,9175.6064,8408.854659,8281.265497,8608.902061,8701.723534,7605.513664,8086.604321,8700.841293,9438.29114
Timor-Leste,TLS,"GNI per capita, Atlas method (current US$)",,,,,,,,,,,,,,,,,,460,530,600,650,720,750,730,480,560,650,770,680,800,950,1340,1870,3010,2350,2860,3730,3560,3190,2690,2180,1740,1800,1820,2420,2560,2390,1980,2140
Middle East & North Africa (IDA & IBRD countries),TMN,"GNI per capita, Atlas method (current US$)",911.6792036,1128.833012,1173.375429,1257.138152,1471.411529,1657.331278,1698.463959,1818.978592,1779.340978,1758.798968,1889.661248,1968.709128,2029.029644,1939.244366,1774.601258,2003.097132,1203.419659,1224.69159,1196.709361,1243.544798,1238.042003,1351.748683,1436.35705,1467.83907,1504.888409,1595.956794,1642.910143,1603.303173,1664.155507,1880.238445,2130.254975,2419.413362,2827.47068,3322.879691,3629.605,3953.206504,4121.458588,4616.188451,4702.654365,4546.275314,4099.25176,3994.293389,3826.457492,3728.413978,3589.881419,3199.607602,3505.016011,3864.705718,3965.042878
Tonga,TON,"GNI per capita, Atlas method (current US$)",,,,,,,,,660,660,690,750,840,1030,1120,1180,1300,1390,1470,1750,2000,2280,2240,2140,2070,1990,1930,1910,1900,2060,2300,2600,2790,3160,3080,3270,3660,4130,4320,4350,4210,4220,4440,4710,5130,5190,4970,5000,
South Asia (IDA & IBRD),TSA,"GNI per capita, Atlas method (current US$)",185.7716564,180.0260264,183.0846126,201.8689538,220.5647786,265.0930147,291.230382,285.4249912,279.3438812,277.3665184,286.8011725,306.102153,340.7837323,378.2913608,375.5326551,372.0534431,344.8961363,346.5549726,332.1820083,345.686005,370.6808944,401.6909528,409.4529053,410.5239137,430.3792966,442.1208347,455.1967217,466.9587703,519.08905,605.5636359,695.1017579,768.0951494,876.6252822,955.6552274,1057.913497,1147.06194,1271.794544,1383.495771,1431.088825,1475.978763,1520.678037,1617.748131,1744.440499,1928.237075,2014.195062,1866.41819,2097.741302,2288.178269,2388.131069
Sub-Saharan Africa (IDA & IBRD countries),TSS,"GNI per capita, Atlas method (current US$)",,,,,,,,,,,,,,,,,,,771.2128328,715.7240636,737.8332612,743.2623616,754.334141,706.3223825,686.2156091,671.1482271,644.9292345,631.4724349,687.579702,833.4915288,1029.779307,1154.379569,1269.36943,1381.884931,1418.495394,1481.088287,1568.930254,1699.853168,1779.608089,1834.683752,1731.291153,1559.337443,1460.842175,1511.348343,1575.626905,1517.155341,1581.617436,1645.848839,1642.271365
Trinidad and Tobago,TTO,"GNI per capita, Atlas method (current US$)",2080,2430,2700,3230,3780,4940,5840,6490,5950,5880,5750,4950,4160,3800,3500,3570,3750,4250,3920,3720,3810,4050,4300,4410,4650,5140,5770,6420,7650,9190,10590,12560,14170,16370,15270,15500,14090,16890,18860,19290,19170,16550,15640,15430,15740,13670,14850,16190,17940
Tunisia,TUN,"GNI per capita, Atlas method (current US$)",750,800,820,910,1090,1320,1380,1240,1150,1140,1120,1110,1240,1300,1260,1380,1430,1640,1620,1670,1760,1930,2080,2110,2220,2230,2200,2130,2390,2820,3080,3240,3450,3770,3970,4090,4010,4190,4240,4250,4070,3870,3650,3650,3540,3230,3570,3810,3770
Turkiye,TUR,"GNI per capita, Atlas method (current US$)",1110,1310,1410,1520,1820,1860,1870,1570,1400,1310,1310,1440,1740,1850,1910,2290,2570,2920,3120,2650,2810,2880,3140,3390,3540,4260,3530,3540,3900,5210,6750,7790,8880,9770,9550,10380,11190,11880,12570,12630,12080,11340,11090,10650,9800,9160,10010,10640,11650
Tuvalu,TUV,"GNI per capita, Atlas method (current US$)",1380,1300,1130,1080,1120,1180,1230,1010,1040,1080,990,1170,1280,1600,1650,2040,2200,2310,2130,2430,2370,2290,2790,2880,2670,2300,2770,3430,2620,3390,3760,3930,4690,4800,4900,4510,4760,4480,5650,4790,5690,5490,5350,6160,6650,6470,6830,7160,7550
Tanzania,TZA,"GNI per capita, Atlas method (current US$)",380,400,420,480,570,640,660,670,650,640,650,600,490,400,320,280,260,260,250,230,240,270,310,340,370,390,390,410,420,460,490,510,530,590,660,720,760,800,880,960,960,950,950,1000,1040,1050,1120,1200,1210
Uganda,UGA,"GNI per capita, Atlas method (current US$)",,,,,,,,,,170,190,240,310,390,400,320,240,190,170,180,230,270,290,290,280,270,240,250,250,280,310,350,380,430,550,680,860,830,810,830,850,820,760,770,810,820,860,930,980
Ukraine,UKR,"GNI per capita, Atlas method (current US$)",,,,,,,,,,,,,,,1620,1580,1490,1400,1220,1000,920,860,890,850,760,680,720,790,980,1270,1540,1950,2590,3210,2840,3030,3150,3650,3950,3560,2800,2360,2360,2750,3310,3570,4110,4280,5070
Upper middle income,UMC,"GNI per capita, Atlas method (current US$)",920.3718876,983.6742904,1025.706514,1103.982762,1275.125041,1468.779822,1615.799717,1597.019689,1471.957696,1316.199954,1302.184847,1345.358172,1407.310311,1454.206104,1430.964125,1132.018591,1028.106212,1131.784843,1216.003478,1322.728482,1450.551386,1626.404837,1758.5999,1722.780499,1697.566974,1772.089525,1782.796865,1802.514473,1950.430019,2255.176888,2621.51825,3042.87271,3600.757235,4251.686446,4626.898625,5256.754268,5933.822985,6772.83776,7373.140655,7661.316324,7553.680896,7463.699056,7660.099417,8218.702697,8651.441153,8419.674279,9341.11671,10069.27732,10587.60629
Uruguay,URY,"GNI per capita, Atlas method (current US$)",1600,1460,1400,1600,2120,2830,3610,3260,2180,1730,1500,1770,2200,2590,2720,2840,3180,3840,4360,5050,5560,6200,7030,7310,7340,7120,6550,5170,4260,4140,4730,5410,6450,7850,9040,10820,12600,14080,16310,16960,16900,16320,16550,17530,18230,16000,16080,17800,19530
United States,USA,"GNI per capita, Atlas method (current US$)",8510,8960,9590,10760,12200,13390,14360,14220,14570,16210,17460,19110,21390,23490,23770,24060,24270,25680,26390,27660,29040,30270,31280,32040,33680,35960,36710,37320,39770,43520,46190,47850,48530,49110,47910,49190,50670,52690,53860,55670,56510,57060,59130,63360,66200,64690,71330,76590,80300
Uzbekistan,UZB,"GNI per capita, Atlas method (current US$)",,,,,,,,,,,,,,,,880,750,600,590,570,580,600,610,620,650,630,560,450,420,460,530,610,770,980,1150,1410,1730,2160,2430,2600,2740,2790,2470,2120,1880,1770,1980,2200,2360
St. Vincent and the Grenadines,VCT,"GNI per capita, Atlas method (current US$)",340,360,430,520,660,780,900,970,1020,1130,1250,1370,1570,1850,1940,2020,2130,2420,2550,2510,2730,2840,2900,3010,3130,3380,3650,4010,4430,4810,5080,5610,6070,6420,6570,6350,6430,6760,7030,6900,7150,7510,7730,8340,8640,8320,8490,9440,10070
"Venezuela, RB",VEN,"GNI per capita, Atlas method (current US$)",2140,2480,2600,2790,3180,3600,4090,4030,3770,3620,3500,3590,3340,3380,2550,2650,2680,2850,2830,2720,3020,3080,3440,3390,3540,4080,4560,3950,3460,4070,4930,6070,7550,9300,10270,11690,11890,12660,11950,13010,,,,,,,,,
British Virgin Islands,VGB,"GNI per capita, Atlas method (current US$)",,,,,,,,,,,,,,,,,,,,,,,,,,,,,,,,,,,,,,,,,,,,,,,,,
Virgin Islands (U.S.),VIR,"GNI per capita, Atlas method (current US$)",,,,,,,,,,,,,,,,,,,,,,,,,,,,,,,,,,,,,,,,,,,,,,,,,
Viet Nam,VNM,"GNI per capita, Atlas method (current US$)",,,,,,,,,,,,,,,220,130,110,130,160,190,250,300,340,350,360,380,400,420,470,540,640,730,840,990,1120,1370,1630,1980,2200,2400,2480,2580,2720,3060,3340,3450,3590,4020,4180
Vanuatu,VUT,"GNI per capita, Atlas method (current US$)",,,,,,,920,820,790,880,910,960,870,970,1070,1200,1090,1120,1130,1190,1220,1310,1360,1410,1390,1370,1320,1180,1310,1530,1710,1920,2020,2360,2430,2510,2710,2750,2930,2930,2770,2780,2860,3120,3590,3250,3350,3570,3660
World,WLD,"GNI per capita, Atlas method (current US$)",1656.573251,1745.966131,1849.90035,2078.532783,2458.110048,2819.738749,2935.301647,2782.394778,2633.035477,2652.85121,2729.05815,3001.618289,3494.884388,4130.811294,4283.276391,4286.694972,4349.317089,4657.879949,4742.822665,4943.305373,5247.864062,5504.633625,5555.35365,5319.135508,5321.147647,5506.437813,5481.515543,5434.7851,5830.793434,6645.095321,7359.424964,7839.315384,8347.670606,8937.41068,8970.56867,9403.811793,9887.478932,10468.914,10837.42833,10951.57858,10593.18869,10337.59002,10412.12532,11103.19858,11517.72006,11061.16283,12129.64268,12885.85642,13211.84617
Samoa,WSM,"GNI per capita, Atlas method (current US$)",670,690,660,700,860,860,790,770,730,670,650,680,720,930,1040,1060,1000,1010,1070,820,990,1310,1330,1350,1370,1390,1390,1410,1550,1830,2220,2450,2640,2950,3140,3400,3540,3560,3720,3790,3930,4080,4050,4060,4230,4000,3830,3660,4020
Kosovo,XKX,"GNI per capita, Atlas method (current US$)",,,,,,,,,,,,,,,,,,,,,,,,,,,,,,,,,,,,3120,3380,3540,3800,3910,3930,3930,3950,4300,4640,4440,5130,5600,5980
"Yemen, Rep.",YEM,"GNI per capita, Atlas method (current US$)",,,,,,,,,,,,,,,,,,1140,1280,1530,1200,640,440,360,360,400,450,490,510,580,660,760,840,950,1030,1130,1010,1180,1340,1370,1120,1060,970,820,,,,,
South Africa,ZAF,"GNI per capita, Atlas method (current US$)",1790,1720,1650,1750,2080,2660,3050,2940,2700,2640,2270,2090,2290,2730,2880,2890,3020,3290,3440,3610,3780,3830,3790,3420,3330,3280,3080,2890,3180,4070,5480,6180,6510,6560,6420,6810,7700,8320,8050,7340,6550,5960,5950,6390,6740,6110,6540,6780,6750
Zambia,ZMB,"GNI per capita, Atlas method (current US$)",580,550,500,500,530,630,730,630,530,440,360,260,270,340,420,450,410,380,390,370,400,420,420,370,370,350,360,380,420,480,580,730,910,1180,1270,1330,1390,1660,1720,1760,1540,1340,1270,1400,1390,1130,1050,1170,1320
Zimbabwe,ZWE,"GNI per capita, Atlas method (current US$)",690,660,620,630,720,830,990,910,840,760,660,590,590,690,740,740,700,550,510,490,470,560,520,410,400,360,390,370,340,320,330,290,250,130,440,650,950,1120,1200,1210,1220,1200,1170,1550,1450,1460,1540,1720,1740
